Workbook

Sheet 21.09.25
A2: ENTRADAS | B2: SALDO INICIAL | C2: INGRESOS | D2: TOTAL | E2: VENTA | F2: MENU | G2: MERMA/ VARIOS | H2: SALDO FINAL | I2: OBSERVACION
A3: TAMALES | D3: =B3+C3 -> 0 | E3: =IFERROR(VLOOKUP("TAMAL DE LA CASA CON ZARZA CRIOLLAL",J:K,2,FALSE),"0") -> 0 | H3: =D3-E3-F3-G3 -> 0 | J3: AJI DE GALLINA | K3: 5
A4: HUMITAS | B4: 0 | D4: =B4+C4 -> 0 | E4: =IFERROR(VLOOKUP("HUMITA DOÑA FRESIA C/AJI DE GALLINA",J:K,2,FALSE),"0") -> 0 | H4: =D4-E4-F4-G4 -> 0 | J4: AJIACO DE CUY(1/2 CUY) C/ARROZ | K4: 5
A5: PAPA RELLENA | B5: 0 | C5: 8 | D5: =B5+C5 -> 8 | E5: =IFERROR(VLOOKUP(A$5,J:K,2,FALSE),0)+IFERROR(VLOOKUP("PIQUEO PERUANISIMO",J:K,2,FALSE),0) -> 1 | H5: =D5-E5-F5-G5 -> 7 | J5: ARROZ C/MARISCOS | K5: 5 | M5: SE MERMO 2 PAPA RELLENAS
A6: SANGRECITA | B6: 2 | C6: 14 | D6: =B6+C6 -> 16 | E6: =IFERROR(VLOOKUP("SANGRECITA C/YUCA",J:K,2,FALSE),"0") -> 16 | H6: =D6-E6-F6-G6 -> 0 | J6: ARROZ C/PATO | K6: 4
A7: AJI DE GALLINA | B7: 7 | C7: 4 | D7: =B7+C7 -> 11 | E7: =IFERROR(VLOOKUP("HUMITA DOÑA FRESIA C/AJI DE GALLINA", J:K,2, FALSE)/2, 0) + IFERROR(VLOOKUP("AJI DE GALLINA",J:K,2, FALSE), 0) -> 5 | H7: =D7-E7-F7-G7 -> 6 | J7: ARROZ C/PATO DESHUESADO | K7: 8
A8: MOLLEJITA | B8: 4 | C8: 1 | D8: =B8+C8 -> 5 | E8: =IFERROR(VLOOKUP("MOLLEJITAS GUISADAS",J:K,2,FALSE),"0")+IFERROR(VLOOKUP("PIQUEO DOÑA FRESIA",J:K,2,FALSE),0) -> 3 | H8: =D8-E8-F8-G8 -> 2 | J8: ASADO DE RES CON ARROZ Y PURE | K8: 12
A9: PATITA | B9: 7 | C9: 1 | D9: =B9+C9 -> 8 | E9: =IFERROR(VLOOKUP("1/2 PATITA EN FIAMBRE",J:K,2, FALSE)/2, 0) + IFERROR(VLOOKUP("PATITA EN FIAMBRE",J:K, 2, FALSE), 0) -> 8 | H9: =D9-E9-F9-G9 -> 0 | J9: BISTEC DE LOMO FINO A LO POBRE | K9: 1
A10: CECINA | B10: 0.5 | C10: 4 | D10: =B10+C10 -> 4.5 | E10: =IFERROR(VLOOKUP("CECINAS DE LOMO C/YUCA",J:K,2,FALSE),"0")+IFERROR(VLOOKUP("PIQUEO DOÑA FRESIA",J:K,2,FALSE)/2,0) -> 0.5 | H10: =D10-E10-F10-G10 -> 4 | J10: CABRITO C/ARROZ FRIJOL Y YUCA | K10: 20
A11: ADOBO | B11: 7 | D11: =B11+C11 -> 7 | E11: =IFERROR(VLOOKUP("CARNE DE CERDO ADOBADA",J:K,2,FALSE),0) -> 5 | H11: =D11-E11-F11-G11 -> 2 | J11: CABRITO DESHUESADO | K11: 27
A12: SANCOCHADO | D12: =B12+C12 -> 0 | E12: =IFERROR(VLOOKUP("SANCOCHADO 450g.",J:K,2,FALSE),0) -> 0 | H12: =D12-E12-F12-G12 -> 0 | J12: CARNE DE CERDO ADOBADA | K12: 5
A13: SHAMBAR | D13: =B13+C13 -> 0 | E13: =IFERROR(VLOOKUP(A13,J:K,2,FALSE),0) -> 0 | H13: =D13-E13-F13-G13 -> 0 | J13: CAUSA DE POLLO | K13: 2
A14: CALDO DE GALLINA | B14: 2 | C14: 3 | D14: =B14+C14 -> 5 | E14: =IFERROR(VLOOKUP(A14,J:K,2,FALSE),0) -> 3 | H14: =D14-E14-F14-G14 -> 2 | J14: CEVICHE DE LENGUADO | K14: 10
A15: GUISOS | J15: CORVINA GUISADA C/E CHOCLO | K15: 5
A16: ASADO | B16: 2 | C16: 30 | D16: =B16+C16 -> 32 | E16: =IFERROR(VLOOKUP("ASADO DE RES CON ARROZ Y PURE",J:K,2,FALSE),0)+IFERROR(VLOOKUP("FETUCCINI AL P.C/ ASADO DE RES",J:K,2,FALSE),"0")+IFERROR(VLOOKUP("FETUCCINI A LO ALFR.C/ ASADO DE RES",J:K,2,FALSE),"0")+IFERROR(VLOOKUP("FETUCCINI A LA H.C/ ASADO DE RES",J:K,2,FALSE),"0")+IFERROR(VLOOKUP("SANDWICH DE ASADO DE RES",J:K,2,FALSE),0)+IFERROR(VLOOKUP("RISOTTO A LA H. C/ASADO",J:K,2,FALSE),0)+IFERROR(VLOOKUP("RISOTTO AL PESTO C/ASADO",J:K,2,FALSE),0)+IFERROR(VLOOKUP("TACU TACU C/ ASADO DE RES",J:K,2,FALSE),0) -> 12 | H16: =D16-E16-F16-G16 -> 20 | J16: ENSALADA MIXTA PERSONAL | K16: 1
A17: CUY | B17: 1 | C17: 10 | D17: =B17+C17 -> 11 | E17: =IFERROR(VLOOKUP("AJIACO DE CUY(1/2 CUY) C/ARROZ",J:K,2,FALSE),"0") -> 5 | H17: =D17-E17-F17-G17 -> 6 | J17: FETUCCINI AL P.C/ MILANESA | K17: 1
A18: ALBONDIGA | B18: 6 | C18: 3 | D18: =B18+C18 -> 9 | E18: =IFERROR(VLOOKUP("ALBONDIGA CON ARROZ",J:K,2,FALSE),"0") -> 9 | H18: =D18-E18-F18-G18 -> 0 | J18: FILETE DE POLLO A LA PLANCHA | K18: 9
A19: ARROZ C. PATO | B19: 0 | C19: 20 | D19: =B19+C19 -> 20 | E19: =IFERROR(VLOOKUP("ARROZ C/PATO DESHUESADO", J:K, 2, FALSE)*2, 0)+IFERROR(VLOOKUP("ARROZ C/PATO",J:K,2,FALSE),"0") -> 20 | H19: =D19-E19-F19-G19 -> 0 | J19: LENGUADO A LA MEUNIERE | K19: 1
A20: CABRITO NORMAL | B20: 40 | C20: 47 | D20: =B20+C20 -> 87 | E20: =IFERROR(VLOOKUP("CABRITO C/ TACU TACU",J:K,2,FALSE),"0")+IFERROR(VLOOKUP("CABRITO C/ARROZ FRIJOL Y YUCA",J:K,2,FALSE),"0")+IFERROR(VLOOKUP("PRESA DE CABRITO",J:K,2,FALSE),"0")+IFERROR(VLOOKUP("CABRITO DESHUESADO",J:K,2,FALSE)*2,"0")+IFERROR(VLOOKUP("TACU TACU C/ CABRITO DESHUESADO",J:K,2,FALSE)*2,"0")+IFERROR(VLOOKUP("PIQUEO DOÑA FRESIA",J:K,2,FALSE)*2,"0") -> 82 | H20: =D20-E20-F20-G20 -> 5 | J20: LENGUADO A LA PLANCHA CON ARROZ | K20: 11
A21: CABRITO DESHUESADO | D21: =B21+C21 -> 0 | J21: LENGUADO A LO MACHO CON YUCA | K21: 1
A22: PATO ESTOFADO | B22: 15 | C22: 18 | D22: =B22+C22 -> 33 | E22: =IFERROR(VLOOKUP("PATO ESTOFADO C/ARROZ Y FRIJOL",J:K,2,FALSE),0)+IFERROR(VLOOKUP("PATO ESTOFADO DESHUESADO",J:K,2,FALSE)*2,0)+IFERROR(VLOOKUP("TACU TACU C/ PATO ESTOF. DESHUESADO",J:K,2,FALSE)*2,0)+IFERROR(VLOOKUP("PIQUEO DOÑA FRESIA",J:K,2,FALSE)*2,0)+IFERROR(VLOOKUP("PATO ESTOFADO CON TACU TACU",J:K,2,FALSE),0) -> 26 | H22: =D22-E22-F22-G22 -> 7 | I22: SE PASO 10 PRESAS PARA ARROZ CON PATO | J22: LOMO A LAS 3 PIMIENTAS | K22: 1
A23: PEPIAN | B23: 3 | C23: 6 | D23: =B23+C23 -> 9 | E23: =IFERROR(VLOOKUP("PEPIAN DE PAVO",J:K,2,FALSE),"0")+IFERROR(VLOOKUP("PRESA DE PAVA",J:K,2,FALSE),0)+IFERROR(VLOOKUP("SANDWICH DE PAVO",J:K,2,FALSE),0) -> 9 | H23: =D23-E23-F23-G23 -> 0 | J23: LOMO SALTADO A NUESTRO ESTILO | K23: 1
A24: CORVINA GUISADA | B24: 2 | C24: 5 | D24: =B24+C24 -> 7 | E24: =IFERROR(VLOOKUP("CORVINA GUISADA C/E CHOCLO",J:K,2,FALSE),"0") -> 5 | H24: =D24-E24-F24-G24 -> 2 | J24: LOMO FINO EN SALSA D CHAMPIÑONES | K24: 4
A25: FRITURAS | J25: LOMO SALTADO C/ARROZ | K25: 9
A26: LOMO SALTADO | B26: 6 | C26: 10 | D26: =B26+C26 -> 16 | E26: =IFERROR(VLOOKUP("LOMO SALTADO C/ARROZ",J:K,2,FALSE),0)+IFERROR(VLOOKUP("TACU TACU C/ LOMO SALTADO",J:K,2,FALSE),0)+IFERROR(VLOOKUP("LOMO SALTADO A LO POBRE",J:K,2,FALSE),0)++IFERROR(VLOOKUP("FETUCCINI AL P.C/ LOMO SALTADO",J:K,2,FALSE),"0")+IFERROR(VLOOKUP("FETUCCINI A LO ALFR.C/ LOMO SALTADO",J:K,2,FALSE),"0")+IFERROR(VLOOKUP("FETUCCINI A LA H.C/ LOMO SALTADO",J:K,2,FALSE),"0")+IFERROR(VLOOKUP("RISOTTO A LA H. C/ LOMO SALTADO",J:K,2,FALSE),0)+IFERROR(VLOOKUP("RISOTTO PESTO C/LOMO SALTADO",J:K,2,FALSE),0)+IFERROR(VLOOKUP("CAUSA DE LOMO FINO SALTADO",J:K,2,FALSE)/2,0)+IFERROR(VLOOKUP("LOMO SALTADO A NUESTRO ESTILO",J:K,2,FALSE),0)+IFERROR(VLOOKUP("SANDWICH DE LOMO FINO SALTADO",J:K,2,FALSE)/2,0)+IFERROR(VLOOKUP("LOMO SALTADO C/ ARROZ Y FRIJOL",J:K,2,FALSE),0)+IFERROR(VLOOKUP("SALTADO MAR Y TIERRA ",$J:$K,2,FALSE)/2,0)+IFERROR(VLOOKUP("LOMO EN NUESTRO ESTILO",$J:$K,2,FALSE),0) -> 14 | H26: =D26-E26-F26-G26 -> 2 | J26: MOLLEJITAS GUISADAS | K26: 2
A27: FILETE DE POLLO CARTA | B27: 4 | C27: 14 | D27: =B27+C27 -> 18 | E27: =IFERROR(VLOOKUP("FILETE DE POLLO A LA PLANCHA",J:K,2,FALSE),"0")+IFERROR(VLOOKUP("FETUCCINI A LO ALFR.C/ FILETE DE POLLO",J:K,2,FALSE),"0")+IFERROR(VLOOKUP("FETUCCINI A LA H.C/ FILETE DE POLLO",J:K,2,FALSE),"0")+IFERROR(VLOOKUP("FETUCCINI AL P.C/ FILETE DE POLLO",J:K,2,FALSE),"0")+IFERROR(VLOOKUP("PIQUEO PERUANISIMO",J:K,2,FALSE)*2,0)+IFERROR(VLOOKUP("DIETA DE POLLO",J:K,2,FALSE),0)+IFERROR(VLOOKUP("RISOTTO PESTO C/FILETE DE POLLO",J:K,2,FALSE),0)+IFERROR(VLOOKUP("POLLO SALTADO C/ ARROZ Y PAPAS FRITAS",J:K,2,FALSE),0)+IFERROR(VLOOKUP("PRESA DE FILETE DE POLLO",J:K,2,FALSE),0)+IFERROR(VLOOKUP("SALTADO MAR Y TIERRA ",J:K,2,FALSE)/2,0)+IFERROR(VLOOKUP("CAUSA DE POLLO ",J:K,2,FALSE),0)+IFERROR(VLOOKUP("SANDWICH DE POLLO ",J:K,2,FALSE),0) -> 11 | H27: =D27-E27-F27-G27 -> 7 | J27: PAPA RELLENA | K27: 1
A28: MILANESA CARTA | B28: 7 | C28: 5 | D28: =B28+C28 -> 12 | E28: =IFERROR(VLOOKUP("MILANESA DE POLLO",J:K,2,FALSE),"0")+IFERROR(VLOOKUP("FETUCCINI AL P.C/ MILANESA",J:K,2,FALSE),"0")+IFERROR(VLOOKUP("FETUCCINI A LO ALFR.C/ MILANESA",J:K,2,FALSE),"0")+IFERROR(VLOOKUP("FETUCCINI A LA H.C/ MILANESA",J:K,2,FALSE),"0")+IFERROR(VLOOKUP("MILANESA DE POLLO A LO POBRE",J:K,2,FALSE),"0")+IFERROR(VLOOKUP("RISOTTO PESTO C/MILANESA",J:K,2,FALSE),0)+IFERROR(VLOOKUP("TACU TACU C/ MILANESA",J:K,2,FALSE),0)+IFERROR(VLOOKUP("RISOTTO A LA H. C/MILANESA DE POLLO",J:K,2,FALSE),0) -> 7 | H28: =D28-E28-F28-G28 -> 5 | J28: PATITA EN FIAMBRE | K28: 8
A29: BISTEC CARTA | B29: 6 | C29: 2 | D29: =B29+C29 -> 8 | E29: =IFERROR(VLOOKUP("TACU TACU C/ BISTEC A LO POBRE",J:K,2,FALSE),0)+IFERROR(VLOOKUP("BISTEC DE LOMO FINO A LO POBRE",J:K,2,FALSE),0)+IFERROR(VLOOKUP("FETUCCINI AL P.C/ BISTEC DE LOMO 250 G",J:K,2,FALSE),"0")+IFERROR(VLOOKUP("FETUCCINI A LO ALFR.C/ BISTEC DE LOMO 250 G",J:K,2,FALSE),"0")+IFERROR(VLOOKUP("FETUCCINI A LA H.C/ BISTEC DE LOMO 250 G",J:K,2,FALSE),"0")+IFERROR(VLOOKUP("FETUCCINI AL P.C/ BISTEC DE LOMO APANADO",J:K,2,FALSE),"0")+IFERROR(VLOOKUP("FETUCCINI A LO ALFR.C/ BISTEC DE LOMO APANADO",J:K,2,FALSE),"0")+IFERROR(VLOOKUP("FETUCCINI A LA H.C/ BISTEC DE LOMO APANADO",J:K,2,FALSE),"0")+IFERROR(VLOOKUP("RISOTTO A LA H. BISTEC DE LOMO 250 G",J:K,2,FALSE),0)+IFERROR(VLOOKUP("RISOTTO PESTO C/BISTEC DE LOMO 250 G",J:K,2,FALSE),0)+IFERROR(VLOOKUP("BISTEC DE LOMO FINO A LA PLANCHA",J:K,2,FALSE),0)+IFERROR(VLOOKUP("LOMO A LAS 3 PIMIENTAS",J:K,2,FALSE),0)+IFERROR(VLOOKUP("LOMO FINO EN SALSA D CHAMPIÑONES",J:K,2,FALSE),0)+IFERROR(VLOOKUP("BISTEC DE LOMO FINO APANADO",J:K,2,FALSE),0)+IFERROR(VLOOKUP("TACU TACU C/LOMO FINO EN SALSA DE LANGOSTINOS",J:K,2,FALSE),0) -> 6 | H29: =D29-E29-F29-G29 -> 2 | J29: PATO ESTOFADO C/ARROZ Y FRIJOL | K29: 4
A30: CHICHARRON DE POLLO | D30: =B30+C30 -> 0 | E30: =IFERROR(VLOOKUP("CHICHARRON DE POLLO C/ PAPAS FRITAS",J:K,2,FALSE),0)+IFERROR(VLOOKUP("1/2 PORC. CHICHARRON DE POLLO",J:K,2,FALSE),0) -> 0 | H30: =D30-E30-F30-G30 -> 0 | J30: PATO ESTOFADO DESHUESADO | K30: 9
A31: PESCADOS Y MARISCOS | D31: =B31+C31 -> 0 | H31: =D31-E31-F31-G31 -> 0 | J31: PEPIAN DE PAVO | K31: 9
A32: LENGUADO | C32: 40 | D32: =B32+C32 -> 40 | E32: =IFERROR(VLOOKUP("CEVICHE MIXTO DE MARISCOS",J:K,2,FALSE),0)+IFERROR(VLOOKUP("CEVICHE DE LENGUADO",J:K,2,FALSE),0)+IFERROR(VLOOKUP("LENGUADO A LA PLANCHA CON ARROZ",J:K,2,FALSE),0)+IFERROR(VLOOKUP("LENGUADO A LO MACHO CON YUCA",J:K,2,FALSE),0)+IFERROR(VLOOKUP("LENGUADO APANADA C/ARROZ Y FRIJOL",J:K,2,FALSE),0)+IFERROR(VLOOKUP("LENGUADO ESCABECHADO C/ARROZ Y CAMOTE",J:K,2,FALSE),0)+IFERROR(VLOOKUP("TACU TACU C/ LENGUADO EN SALSA DE LANGOSTINOS",J:K,2,FALSE),0)+IFERROR(VLOOKUP("TACU TACU C/LENGUADO EN SALSA DE MARISCOS",J:K,2,FALSE),0)+IFERROR(VLOOKUP("TIRADITO DE LENGUADO A LAS DOS CREMAS",J:K,2,FALSE),0)+IFERROR(VLOOKUP("TIRADITO DE LENGUADO O SIMILAR",J:K,2,FALSE),0)+IFERROR(VLOOKUP("CHICHARRON DE LENGUADO",J:K,2,FALSE),0)+IFERROR(VLOOKUP("JALEA DE LENGUADO O SIMILAR",J:K,2,FALSE),0)+IFERROR(VLOOKUP("LENGUADO O CORVINA FRITA C/ARROZ Y YUCA",J:K,FALSE),0)+IFERROR(VLOOKUP("LENGUADO O CORVINA FRITA EN S/MARISCOS",J:K,2,FALSE),0)+IFERROR(VLOOKUP("LENGUADO O SIMILAR AL AJO C/ARROZ",J:K,2,FALSE),0)+IFERROR(VLOOKUP("LENGUADO A LA MEUNIERE",J:K,2,FALSE),0)+IFERROR(VLOOKUP("TACU TACU C/ LENGUADO A LO MACHO",J:K,2,FALSE),0)+IFERROR(VLOOKUP("CHICHARRON MIXTO DE MARISCOS",J:K,2,FALSE),0)+IFERROR(VLOOKUP("FUENTE DE CEVICHE DE CORVINA O LENGUADO",J:K,2,FALSE)*2,0)+IFERROR(VLOOKUP("CAUSA DE LA CASA ",J:K,2,FALSE),0)+IFERROR(VLOOKUP("TACU TACU C/ LENGUDO EN SALSA DE LANGOSTINOS",J:K,2,FALSE),0) -> 27 | H32: =D32-E32-F32-G32 -> 13 | J32: PICARONES C/ MIEL DE HIGO | K32: 1
A33: CORVINA | C33: 5 | D33: =B33+C33 -> 5 | E33: =IFERROR(VLOOKUP("CORVINA SUDADA",J:K,2,FALSE),0)+IFERROR(VLOOKUP("CHUPE DE CORVINA",J:K,2,FALSE),0) -> 3 | H33: =D33-E33-F33-G33 -> 2 | J33: PIQUEO DOÑA FRESIA | K33: 1
A34: PULPO | C34: 5 | D34: =B34+C34 -> 5 | E34: =IFERROR(VLOOKUP("PULPO ANTICUCHERO 250G",J:K,2,FALSE),0)+IFERROR(VLOOKUP("PULPO AL OLIVO 200G",J:K,2,FALSE),0)+IFERROR(VLOOKUP("CEVICHE DE PULPO",J:K,2,FALSE),0)+IFERROR(VLOOKUP("CAUSA DE PULPO AL OLIVO",J:K,2,FALSE),0)+IFERROR(VLOOKUP("CEVICHE DE PULPO",J:K,2,FALSE)*2,0)+IFERROR(VLOOKUP("TRES CAUSAS UNA PARRILLA",J:K,2,FALSE)/2,0) -> 1 | H34: =D34-E34-F34-G34 -> 4 | J34: PULPO ANTICUCHERO 250G | K34: 1
A35: CAMARON | D35: =B35+C35 -> 0 | E35: =IFERROR(VLOOKUP("CHUPE DE CAMARORES",J:K,2,FALSE),0)+IFERROR(VLOOKUP("CAMARONES AL AJO",J:K,2,FALSE),0)+IFERROR(VLOOKUP("CEVICHE DE CAMARONES",J:K,2,FALSE),0)+IFERROR(VLOOKUP("ARROZ CON CAMARONES",J:K,2,FALSE),0)+IFERROR(VLOOKUP("CAUSA DE CAMARONES",J:K,2,FALSE),0) -> 0 | H35: =D35-E35-F35-G35 -> 0 | J35: SANGRECITA C/YUCA | K35: 16
A36: MIXTURA | C36: 10 | D36: =B36+C36 -> 10 | E36: =IFERROR(VLOOKUP("PIQUEO FRUTOS DEL MAR",J:K,2,FALSE)*2,0)+IFERROR(VLOOKUP("CEVICHE MIXTO DE MARISCOS",J:K,2,FALSE),0)+IFERROR(VLOOKUP("ARROZ C/MARISCOS",J:K,2,FALSE),0)+IFERROR(VLOOKUP("TORTILLA DE MARISCOS C/ ARROZ",J:K,2,FALSE),0)+IFERROR(VLOOKUP("CHAUFA DE MARISCOS",J:K,2,FALSE),0)+IFERROR(VLOOKUP("PARIHUELA DE MARISCOS",J:K,2,FALSE),0)+IFERROR(VLOOKUP("PICANTE DE MARISCOS",J:K,2,FALSE),0)+IFERROR(VLOOKUP("TACU TACU EN SALSA DE MARISCOS",J:K,2,FALSE),0)+IFERROR(VLOOKUP("TRÍO DE CAUSAS",J:K,2,FALSE),0)+IFERROR(VLOOKUP("CHICHARRON MIXTO DE MARISCOS",J:K,2,FALSE),0)+IFERROR(VLOOKUP("LENGUADO O CORVINA FRITA EN S/MARISCOS",J:K,2,FALSE),0)+IFERROR(VLOOKUP("TACU TACU C/LENGUADO EN SALSA DE MARISCOS",J:K,2,FALSE),0)+IFERROR(VLOOKUP("RISOTTO FRUTOS DEL MAR",J:K,2,FALSE),0)+IFERROR(VLOOKUP("TRES CAUSAS UNA PARRILLA",J:K,2,FALSE)/2,0) -> 6 | H36: =D36-$E$36-F36-G36 -> 4 | J36: TACU TACU C/ CABRITO DESHUESADO | K36: 3
A37: TOLLO | C37: 10 | D37: =B37+C37 -> 10 | E37: =IFERROR(VLOOKUP("PIQUEO FRUTOS DEL MAR",J:K,2,FALSE)*2,0)+IFERROR(VLOOKUP("CHICHARRON PESCA DEL DIA",J:K,2,FALSE),0)+IFERROR(VLOOKUP("CEVICHE PESCA DEL DIA",J:K,2,FALSE),0)+IFERROR(VLOOKUP("LECHE DE TIGRE",J:K,2,FALSE),0)+IFERROR(VLOOKUP("1/2 LECHE DE TIGRE",J:K,2,FALSE)/2,0)+IFERROR(VLOOKUP("TRILOGIA DE LECHES DE TIGRE ",J:K,2,FALSE),0)+IFERROR(VLOOKUP("CAUSA EN SALSA ACEVICHADA ",J:K,2,FALSE),0)+IFERROR(VLOOKUP("CAUSA DE LA CASA",J:K,2,FALSE),0) -> 3 | H37: =D37-$E$36-F37-G37 -> 4 | J37: TACU TACU C/ LOMO SALTADO | K37: 4
A38: LANGOSTINO | C38: 10 | D38: =B38+C38 -> 10 | E38: =IFERROR(VLOOKUP("LANGOSTINO THAI",J:K,2,FALSE),0)+IFERROR(VLOOKUP("LANGOSTINOS CROCANTES CON PALTA BRACEADA",J:K,2,FALSE),0)+IFERROR(VLOOKUP("ARROZ C/LANGOSTINOS",J:K,2,FALSE),0)+IFERROR(VLOOKUP("SALTADO MAR Y TIERRA",J:K,2,FALSE)/2,0)+IFERROR(VLOOKUP("CAUSA DE LANGOSTINOS",J:K,2,FALSE),0)+IFERROR(VLOOKUP("TACU TACU C/ LENGUADO EN SALSA DE LANGOSTINOS",J:K,2,FALSE),0)+IFERROR(VLOOKUP("TACU TACU C/LOMO FINO EN SALSA DE LANGOSTINOS",J:K,2,FALSE),0) -> 0.5 | H38: =D38-$E$36-F38-G38 -> 4 | J38: TRIO DE CAUSAS | K38: 4
J39: CECINA | K39: 6
J40: LECHE DE TIGRE | K40: 1
J41: MILANESA DE POLLO | K41: 5
J42: CAUSA DE PULPO | K42: 1
J43: CEVICHE MIXTO | K43: 1
J44: CEVICHE PESCA DEL DIA | K44: 1
J45: ALBONDIGA CON ARROZ | K45: 9
J46: CALDO DE GALLINA | K46: 3
J47: LENGUADO O CORVINA FRITA C/ARROZ Y YUCA | K47: 1
J48: CAUSA EN SALSA ACEVICHADA | K48: 1
J49: CHICHARRON DE LANGOSTINO | K49: 1
J50: CHICHARRON DE LENGUADO | K50: 1
... J70: CAUSA DE LA CASA | K70: 1

Sheet 22.09.25
A1: KARDEX COCINA - FECHA 22.09.25
A2: ENTRADAS | B2: SALDO INICIAL | C2: INGRESOS | D2: TOTAL | E2: VENTA | F2: MENU | G2: MERMA/ VARIOS | H2: SALDO FINAL | I2: OBSERVACION
A3: TAMALES | B3: ='21.09.25'!H3 -> 0 | C3: 5 | D3: =B3+C3 -> 5 | E3: =IFERROR(VLOOKUP("TAMAL DE LA CASA CON ZARZA CRIOLLAL",J:K,2,FALSE),"0") -> 0 | H3: =D3-E3-F3-G3 -> 5 | J3: AJI DE GALLINA | K3: 1
A4: HUMITAS | B4: ='21.09.25'!H4 -> 0 | D4: =B4+C4 -> 0 | E4: =IFERROR(VLOOKUP("HUMITA DOÑA FRESIA C/AJI DE GALLINA",J:K,2,FALSE),"0") -> 0 | H4: =D4-E4-F4-G4 -> 0 | J4: BISTEC DE LOMO FINO A LO POBRE | K4: 3
A5: PAPA RELLENA | B5: ='21.09.25'!H5 -> 7 | D5: =B5+C5 -> 7 | E5: =IFERROR(VLOOKUP(A$5,J:K,2,FALSE),0)+IFERROR(VLOOKUP("PIQUEO PERUANISIMO",J:K,2,FALSE),0) -> 2 | G5: 4 | H5: =D5-E5-F5-G5 -> 1 | I5: MAL ELABORADAS | J5: CABRITO C/ARROZ FRIJOL Y YUCA | K5: 10
A6: SANGRECITA | B6: ='21.09.25'!H6 -> 0 | C6: 7 | D6: =B6+C6 -> 7 | E6: =IFERROR(VLOOKUP("SANGRECITA C/YUCA",J:K,2,FALSE),"0") -> 3 | H6: =D6-E6-F6-G6 -> 4 | J6: CABRITO DESHUESADO | K6: 3
A7: AJI DE GALLINA | B7: ='21.09.25'!H7 -> 6 | C7: 4 | D7: =B7+C7 -> 10 | E7: =IFERROR(VLOOKUP("HUMITA DOÑA FRESIA C/AJI DE GALLINA", J:K,2, FALSE)/2, 0) + IFERROR(VLOOKUP("AJI DE GALLINA",J:K,2, FALSE), 0) -> 1 | H7: =D7-E7-F7-G7 -> 9 | J7: CAUSA DE LOMO FINO SALTADO | K7: 1
A8: MOLLEJITA | B8: ='21.09.25'!H8 -> 2 | C8: 6 | D8: =B8+C8 -> 8 | E8: =IFERROR(VLOOKUP("MOLLEJITAS GUISADAS",J:K,2,FALSE),"0")+IFERROR(VLOOKUP("PIQUEO DOÑA FRESIA",J:K,2,FALSE),0) -> 0 | H8: =D8-E8-F8-G8 -> 8 | J8: CECINAS DE LOMO C/YUCA | K8: 3
A9: PATITA | B9: ='21.09.25'!H9 -> 0 | C9: 11 | D9: =B9+C9 -> 11 | E9: =IFERROR(VLOOKUP("1/2 PATITA EN FIAMBRE",J:K,2, FALSE)/2, 0) + IFERROR(VLOOKUP("PATITA EN FIAMBRE",J:K, 2, FALSE), 0) -> 3.5 | H9: =D9-E9-F9-G9 -> 7.5 | J9: FETUCCINI A LA H.C/ LOMO SALTADO | K9: 2
A10: CECINA | B10: ='21.09.25'!H10 -> 4 | D10: =B10+C10 -> 4 | E10: =IFERROR(VLOOKUP("CECINAS DE LOMO C/YUCA",J:K,2,FALSE),"0")+IFERROR(VLOOKUP("PIQUEO DOÑA FRESIA",J:K,2,FALSE)/2,0) -> 3 | H10: =D10-E10-F10-G10 -> 1 | J10: FILETE DE POLLO A LA PLANCHA | K10: 2
A11: ADOBO | B11: ='21.09.25'!H11 -> 2 | C11: 5 | D11: =B11+C11 -> 7 | E11: =IFERROR(VLOOKUP("CARNE DE CERDO ADOBADA",J:K,2,FALSE),0) -> 0 | H11: =D11-E11-F11-G11 -> 7 | J11: LOMO A LAS 3 PIMIENTAS | K11: 2
A12: SANCOCHADO | B12: ='21.09.25'!H12 -> 0 | D12: =B12+C12 -> 0 | E12: =IFERROR(VLOOKUP("SANCOCHADO 450g.",J:K,2,FALSE),0) -> 0 | H12: =D12-E12-F12-G12 -> 0 | J12: LOMO SALTADO C/ARROZ | K12: 5
A13: SHAMBAR | B13: ='21.09.25'!H13 -> 0 | C13: 25 | D13: =B13+C13 -> 25 | E13: =IFERROR(VLOOKUP(A13,J:K,2,FALSE),0) -> 22 | H13: =D13-E13-F13-G13 -> 3 | J13: MILANESA DE POLLO | K13: 2
A14: CALDO DE GALLINA | B14: ='21.09.25'!H14 -> 2 | D14: =B14+C14 -> 2 | E14: =IFERROR(VLOOKUP(A14,J:K,2,FALSE),0) -> 0 | G14: 2 | H14: =D14-E14-F14-G14 -> 0 | I14: MENU | J14: PAPA RELLENA | K14: 2
A15: GUISOS | J15: PATO ESTOFADO DESHUESADO | K15: 4
A16: ASADO | B16: ='21.09.25'!H16 -> 20 | C16: 48 | D16: =B16+C16 -> 68 | E16: =IFERROR(VLOOKUP("ASADO DE RES CON ARROZ Y PURE",J:K,2,FALSE),0)+IFERROR(VLOOKUP("FETUCCINI AL P.C/ ASADO DE RES",J:K,2,FALSE),"0")+IFERROR(VLOOKUP("FETUCCINI A LO ALFR.C/ ASADO DE RES",J:K,2,FALSE),"0")+IFERROR(VLOOKUP("FETUCCINI A LA H.C/ ASADO DE RES",J:K,2,FALSE),"0")+IFERROR(VLOOKUP("SANDWICH DE ASADO DE RES",J:K,2,FALSE),0)+IFERROR(VLOOKUP("RISOTTO A LA H. C/ASADO",J:K,2,FALSE),0)+IFERROR(VLOOKUP("RISOTTO AL PESTO C/ASADO",J:K,2,FALSE),0)+IFERROR(VLOOKUP("TACU TACU C/ ASADO DE RES",J:K,2,FALSE),0) -> 1 | G16: 47 | H16: =D16-E16-F16-G16 -> 20 | I16: RESESERVA | J16: PORCIÓN DE FETUCCINI A LA HUANCAÍNA | K16: 1
A17: CUY | B17: ='21.09.25'!H17 -> 6 | D17: =B17+C17 -> 6 | E17: =IFERROR(VLOOKUP("AJIACO DE CUY(1/2 CUY) C/ARROZ",J:K,2,FALSE),"0") -> 1 | H17: =D17-E17-F17-G17 -> 5 | J17: SANGRECITA C/YUCA | K17: 3
A18: ALBONDIGA | B18: ='21.09.25'!H18 -> 0 | C18: 6 | D18: =B18+C18 -> 6 | E18: =IFERROR(VLOOKUP("ALBONDIGA CON ARROZ",J:K,2,FALSE),"0") -> 2 | H18: =D18-E18-F18-G18 -> 4 | J18: SHAMBAR | K18: 22
A19: ARROZ C. PATO | B19: ='21.09.25'!H19 -> 0 | C19: 9 | D19: =B19+C19 -> 9 | E19: =IFERROR(VLOOKUP("ARROZ C/PATO DESHUESADO", J:K, 2, FALSE)*2, 0)+IFERROR(VLOOKUP("ARROZ C/PATO",J:K,2,FALSE),"0") -> 4 | G19: 5 | H19: =D19-E19-F19-G19 -> 0 | I19: PASA PARA PATO ESTOFADO | J19: AJIACO DE CUY(1/2 CUY) C/ARROZ | K19: 1
A20: CABRITO NORMAL | B20: ='21.09.25'!H20 -> 5 | C20: 51 | D20: =B20+C20 -> 56 | E20: =IFERROR(VLOOKUP("CABRITO C/ TACU TACU",J:K,2,FALSE),"0")+IFERROR(VLOOKUP("CABRITO C/ARROZ FRIJOL Y YUCA",J:K,2,FALSE),"0")+IFERROR(VLOOKUP("PRESA DE CABRITO",J:K,2,FALSE),"0")+IFERROR(VLOOKUP("CABRITO DESHUESADO",J:K,2,FALSE)*2,"0")+IFERROR(VLOOKUP("TACU TACU C/ CABRITO DESHUESADO",J:K,2,FALSE)*2,"0")+IFERROR(VLOOKUP("PIQUEO DOÑA FRESIA",J:K,2,FALSE)*2,"0") -> 16 | H20: =D20-E20-F20-G20 -> 40 | J20: ALBONDIGA CON ARROZ | K20: 2
A21: CABRITO DESHUESADO | B21: ='21.09.25'!H21 | D21: =B21+C21 -> 0 | J21: TIRADITO DE LENGUADO A LAS DOS CREMAS | K21: 1
A22: PATO ESTOFADO | B22: ='21.09.25'!H22 -> 7 | C22: 29 | D22: =B22+C22 -> 36 | E22: =IFERROR(VLOOKUP("PATO ESTOFADO C/ARROZ Y FRIJOL",J:K,2,FALSE),0)+IFERROR(VLOOKUP("PATO ESTOFADO DESHUESADO",J:K,2,FALSE)*2,0)+IFERROR(VLOOKUP("TACU TACU C/ PATO ESTOF. DESHUESADO",J:K,2,FALSE)*2,0)+IFERROR(VLOOKUP("PIQUEO DOÑA FRESIA",J:K,2,FALSE)*2,0)+IFERROR(VLOOKUP("PATO ESTOFADO CON TACU TACU",J:K,2,FALSE),0) -> 8 | H22: =D22-E22-F22-G22 -> 28 | I22: SE PASO 10 PRESAS PARA ARROZ CON PATO | J22: CAUSA EN SALSA ACEVICHADA | K22: 1
A23: PEPIAN | B23: ='21.09.25'!H23 -> 0 | D23: =B23+C23 -> 0 | E23: =IFERROR(VLOOKUP("PEPIAN DE PAVO",J:K,2,FALSE),"0")+IFERROR(VLOOKUP("PRESA DE PAVA",J:K,2,FALSE),0)+IFERROR(VLOOKUP("SANDWICH DE PAVO",J:K,2,FALSE),0) -> 0 | H23: =D23-E23-F23-G23 -> 0 | J23: CEVICHE DE LENGUADO | K23: 4
A24: CORVINA GUISADA | B24: ='21.09.25'!H24 -> 2 | C24: 3 | D24: =B24+C24 -> 5 | E24: =IFERROR(VLOOKUP("CORVINA GUISADA C/E CHOCLO",J:K,2,FALSE),"0") -> 0 | H24: =D24-E24-F24-G24 -> 5 | J24: LENGUADO O CORVINA FRITA C/ARROZ Y YUCA | K24: 1
A25: FRITURAS | J25: PATITA EN FIAMBRE | K25: 2
A26: LOMO SALTADO | B26: ='21.09.25'!H26 -> 2 | C26: 5.5 | D26: =B26+C26 -> 7.5 | E26: =IFERROR(VLOOKUP("LOMO SALTADO C/ARROZ",J:K,2,FALSE),0)+IFERROR(VLOOKUP("TACU TACU C/ LOMO SALTADO",J:K,2,FALSE),0)+IFERROR(VLOOKUP("LOMO SALTADO A LO POBRE",J:K,2,FALSE),0)++IFERROR(VLOOKUP("FETUCCINI AL P.C/ LOMO SALTADO",J:K,2,FALSE),"0")+IFERROR(VLOOKUP("FETUCCINI A LO ALFR.C/ LOMO SALTADO",J:K,2,FALSE),"0")+IFERROR(VLOOKUP("FETUCCINI A LA H.C/ LOMO SALTADO",J:K,2,FALSE),"0")+IFERROR(VLOOKUP("RISOTTO A LA H. C/ LOMO SALTADO",J:K,2,FALSE),0)+IFERROR(VLOOKUP("RISOTTO PESTO C/LOMO SALTADO",J:K,2,FALSE),0)+IFERROR(VLOOKUP("CAUSA DE LOMO FINO SALTADO",J:K,2,FALSE)/2,0)+IFERROR(VLOOKUP("LOMO SALTADO A NUESTRO ESTILO",J:K,2,FALSE),0)+IFERROR(VLOOKUP("SANDWICH DE LOMO FINO SALTADO",J:K,2,FALSE)/2,0)+IFERROR(VLOOKUP("LOMO SALTADO C/ ARROZ Y FRIJOL",J:K,2,FALSE),0)+IFERROR(VLOOKUP("SALTADO MAR Y TIERRA ",$J:$K,2,FALSE)/2,0)+IFERROR(VLOOKUP("LOMO EN NUESTRO ESTILO",$J:$K,2,FALSE),0) -> 7.5 | H26: =D26-E26-F26-G26 -> 0 | J26: CHICHARRON DE LANGOSTINOS | K26: 1
A27: FILETE DE POLLO CARTA | B27: ='21.09.25'!H27 -> 7 | D27: =B27+C27 -> 7 | E27: =IFERROR(VLOOKUP("FILETE DE POLLO A LA PLANCHA",J:K,2,FALSE),"0")+IFERROR(VLOOKUP("FETUCCINI A LO ALFR.C/ FILETE DE POLLO",J:K,2,FALSE),"0")+IFERROR(VLOOKUP("FETUCCINI A LA H.C/ FILETE DE POLLO",J:K,2,FALSE),"0")+IFERROR(VLOOKUP("FETUCCINI AL P.C/ FILETE DE POLLO",J:K,2,FALSE),"0")+IFERROR(VLOOKUP("PIQUEO PERUANISIMO",J:K,2,FALSE)*2,0)+IFERROR(VLOOKUP("DIETA DE POLLO",J:K,2,FALSE),0)+IFERROR(VLOOKUP("RISOTTO PESTO C/FILETE DE POLLO",J:K,2,FALSE),0)+IFERROR(VLOOKUP("POLLO SALTADO C/ ARROZ Y PAPAS FRITAS",J:K,2,FALSE),0)+IFERROR(VLOOKUP("PRESA DE FILETE DE POLLO",J:K,2,FALSE),0)+IFERROR(VLOOKUP("SALTADO MAR Y TIERRA ",J:K,2,FALSE)/2,0)+IFERROR(VLOOKUP("CAUSA DE POLLO ",J:K,2,FALSE),0)+IFERROR(VLOOKUP("SANDWICH DE POLLO ",J:K,2,FALSE),0) -> 3 | H27: =D27-E27-F27-G27 -> 4 | J27: LENGUADO APANADO C/ARROZ Y FRIJOL | K27: 1
A28: MILANESA CARTA | B28: ='21.09.25'!H28 -> 5 | C28: 3 | D28: =B28+C28 -> 8 | E28: =IFERROR(VLOOKUP("MILANESA DE POLLO",J:K,2,FALSE),"0")+IFERROR(VLOOKUP("FETUCCINI AL P.C/ MILANESA",J:K,2,FALSE),"0")+IFERROR(VLOOKUP("FETUCCINI A LO ALFR.C/ MILANESA",J:K,2,FALSE),"0")+IFERROR(VLOOKUP("FETUCCINI A LA H.C/ MILANESA",J:K,2,FALSE),"0")+IFERROR(VLOOKUP("MILANESA DE POLLO A LO POBRE",J:K,2,FALSE),"0")+IFERROR(VLOOKUP("RISOTTO PESTO C/MILANESA",J:K,2,FALSE),0)+IFERROR(VLOOKUP("TACU TACU C/ MILANESA",J:K,2,FALSE),0)+IFERROR(VLOOKUP("RISOTTO A LA H. C/MILANESA DE POLLO",J:K,2,FALSE),0) -> 2 | H28: =D28-E28-F28-G28 -> 6 | J28: 1/2 LECHE DE TIGRE | K28: 2
A29: BISTEC CARTA | B29: ='21.09.25'!H29 -> 2 | C29: 4 | D29: =B29+C29 -> 6 | E29: =IFERROR(VLOOKUP("TACU TACU C/ BISTEC A LO POBRE",J:K,2,FALSE),0)+IFERROR(VLOOKUP("BISTEC DE LOMO FINO A LO POBRE",J:K,2,FALSE),0)+IFERROR(VLOOKUP("FETUCCINI AL P.C/ BISTEC DE LOMO 250 G",J:K,2,FALSE),"0")+IFERROR(VLOOKUP("FETUCCINI A LO ALFR.C/ BISTEC DE LOMO 250 G",J:K,2,FALSE),"0")+IFERROR(VLOOKUP("FETUCCINI A LA H.C/ BISTEC DE LOMO 250 G",J:K,2,FALSE),"0")+IFERROR(VLOOKUP("FETUCCINI AL P.C/ BISTEC DE LOMO APANADO",J:K,2,FALSE),"0")+IFERROR(VLOOKUP("FETUCCINI A LO ALFR.C/ BISTEC DE LOMO APANADO",J:K,2,FALSE),"0")+IFERROR(VLOOKUP("FETUCCINI A LA H.C/ BISTEC DE LOMO APANADO",J:K,2,FALSE),"0")+IFERROR(VLOOKUP("RISOTTO A LA H. BISTEC DE LOMO 250 G",J:K,2,FALSE),0)+IFERROR(VLOOKUP("RISOTTO PESTO C/BISTEC DE LOMO 250 G",J:K,2,FALSE),0)+IFERROR(VLOOKUP("BISTEC DE LOMO FINO A LA PLANCHA",J:K,2,FALSE),0)+IFERROR(VLOOKUP("LOMO A LAS 3 PIMIENTAS",J:K,2,FALSE),0)+IFERROR(VLOOKUP("LOMO FINO EN SALSA D CHAMPIÑONES",J:K,2,FALSE),0)+IFERROR(VLOOKUP("BISTEC DE LOMO FINO APANADO",J:K,2,FALSE),0)+IFERROR(VLOOKUP("TACU TACU C/LOMO FINO EN SALSA DE LANGOSTINOS",J:K,2,FALSE),0) -> 6 | H29: =D29-E29-F29-G29 -> 0 | J29: 1/2 PATITA EN FIAMBRE | K29: 3
A30: CHICHARRON DE POLLO | B30: ='21.09.25'!H30 -> 0 | D30: =B30+C30 -> 0 | E30: =IFERROR(VLOOKUP("CHICHARRON DE POLLO C/ PAPAS FRITAS",J:K,2,FALSE),0)+IFERROR(VLOOKUP("1/2 PORC. CHICHARRON DE POLLO",J:K,2,FALSE),0) -> 0 | H30: =D30-E30-F30-G30 -> 0 | J30: ARROZ C/PATO DESHUESADO | K30: 2
A31: PESCADOS Y MARISCOS | D31: =B31+C31 -> 0 | H31: =D31-E31-F31-G31 -> 0 | J31: ASADO DE RES CON ARROZ Y PURE | K31: 1
A32: LENGUADO | B32: ='21.09.25'!H32 -> 13 | C32: 5 | D32: =B32+C32 -> 18 | E32: =IFERROR(VLOOKUP("CEVICHE MIXTO DE MARISCOS",J:K,2,FALSE),0)+IFERROR(VLOOKUP("CEVICHE DE LENGUADO",J:K,2,FALSE),0)+IFERROR(VLOOKUP("LENGUADO A LA PLANCHA CON ARROZ",J:K,2,FALSE),0)+IFERROR(VLOOKUP("LENGUADO A LO MACHO CON YUCA",J:K,2,FALSE),0)+IFERROR(VLOOKUP("LENGUADO APANADA C/ARROZ Y FRIJOL",J:K,2,FALSE),0)+IFERROR(VLOOKUP("LENGUADO ESCABECHADO C/ARROZ Y CAMOTE",J:K,2,FALSE),0)+IFERROR(VLOOKUP("TACU TACU C/ LENGUADO EN SALSA DE LANGOSTINOS",J:K,2,FALSE),0)+IFERROR(VLOOKUP("TACU TACU C/LENGUADO EN SALSA DE MARISCOS",J:K,2,FALSE),0)+IFERROR(VLOOKUP("TIRADITO DE LENGUADO A LAS DOS CREMAS",J:K,2,FALSE),0)+IFERROR(VLOOKUP("TIRADITO DE LENGUADO O SIMILAR",J:K,2,FALSE),0)+IFERROR(VLOOKUP("CHICHARRON DE LENGUADO",J:K,2,FALSE),0)+IFERROR(VLOOKUP("JALEA DE LENGUADO O SIMILAR",J:K,2,FALSE),0)+IFERROR(VLOOKUP("LENGUADO O CORVINA FRITA C/ARROZ Y YUCA",J:K,FALSE),0)+IFERROR(VLOOKUP("LENGUADO O CORVINA FRITA EN S/MARISCOS",J:K,2,FALSE),0)+IFERROR(VLOOKUP("LENGUADO O SIMILAR AL AJO C/ARROZ",J:K,2,FALSE),0)+IFERROR(VLOOKUP("LENGUADO A LA MEUNIERE",J:K,2,FALSE),0)+IFERROR(VLOOKUP("TACU TACU C/ LENGUADO A LO MACHO",J:K,2,FALSE),0)+IFERROR(VLOOKUP("CHICHARRON MIXTO DE MARISCOS",J:K,2,FALSE),0)+IFERROR(VLOOKUP("FUENTE DE CEVICHE DE CORVINA O LENGUADO",J:K,2,FALSE)*2,0)+IFERROR(VLOOKUP("CAUSA DE LA CASA ",J:K,2,FALSE),0)+IFERROR(VLOOKUP("TACU TACU C/ LENGUDO EN SALSA DE LANGOSTINOS",J:K,2,FALSE),0) -> 6 | H32: =D32-E32-F32-G32 -> 12 | J32: BISTEC DE LOMO FINO A LA PLANCHA | K32: 1
A33: CORVINA | B33: ='21.09.25'!H33 -> 2 | D33: =B33+C33 -> 2 | E33: =IFERROR(VLOOKUP("CORVINA SUDADA",J:K,2,FALSE),0)+IFERROR(VLOOKUP("CHUPE DE CORVINA",J:K,2,FALSE),0) -> 0 | H33: =D33-E33-F33-G33 -> 2 | J33: CHICHARRON MIXTO DE MARISCOS | K33: 1
A34: PULPO | B34: ='21.09.25'!H34 -> 4 | D34: =B34+C34 -> 4 | E34: =IFERROR(VLOOKUP("PULPO ANTICUCHERO 250G",J:K,2,FALSE),0)+IFERROR(VLOOKUP("PULPO AL OLIVO 200G",J:K,2,FALSE),0)+IFERROR(VLOOKUP("CEVICHE DE PULPO",J:K,2,FALSE),0)+IFERROR(VLOOKUP("CAUSA DE PULPO AL OLIVO",J:K,2,FALSE),0)+IFERROR(VLOOKUP("CEVICHE DE PULPO",J:K,2,FALSE)*2,0)+IFERROR(VLOOKUP("TRES CAUSAS UNA PARRILLA",J:K,2,FALSE)/2,0) -> 0 | H34: =D34-E34-F34-G34 -> 4 | J34: DIETA DE POLLO | K34: 1
A35: CAMARON | B35: ='21.09.25'!H35 -> 0 | D35: =B35+C35 -> 0 | E35: =IFERROR(VLOOKUP("CHUPE DE CAMARORES",J:K,2,FALSE),0)+IFERROR(VLOOKUP("CAMARONES AL AJO",J:K,2,FALSE),0)+IFERROR(VLOOKUP("CEVICHE DE CAMARONES",J:K,2,FALSE),0)+IFERROR(VLOOKUP("ARROZ CON CAMARONES",J:K,2,FALSE),0)+IFERROR(VLOOKUP("CAUSA DE CAMARONES",J:K,2,FALSE),0) -> 0 | H35: =D35-E35-F35-G35 -> 0
A36: MIXTURA | B36: ='21.09.25'!H36 -> 4 | D36: =B36+C36 -> 4 | E36: =IFERROR(VLOOKUP("PIQUEO FRUTOS DEL MAR",J:K,2,FALSE)*2,0)+IFERROR(VLOOKUP("CEVICHE MIXTO DE MARISCOS",J:K,2,FALSE),0)+IFERROR(VLOOKUP("ARROZ C/MARISCOS",J:K,2,FALSE),0)+IFERROR(VLOOKUP("TORTILLA DE MARISCOS C/ ARROZ",J:K,2,FALSE),0)+IFERROR(VLOOKUP("CHAUFA DE MARISCOS",J:K,2,FALSE),0)+IFERROR(VLOOKUP("PARIHUELA DE MARISCOS",J:K,2,FALSE),0)+IFERROR(VLOOKUP("PICANTE DE MARISCOS",J:K,2,FALSE),0)+IFERROR(VLOOKUP("TACU TACU EN SALSA DE MARISCOS",J:K,2,FALSE),0)+IFERROR(VLOOKUP("TRÍO DE CAUSAS",J:K,2,FALSE),0)+IFERROR(VLOOKUP("CHICHARRON MIXTO DE MARISCOS",J:K,2,FALSE),0)+IFERROR(VLOOKUP("LENGUADO O CORVINA FRITA EN S/MARISCOS",J:K,2,FALSE),0)+IFERROR(VLOOKUP("TACU TACU C/LENGUADO EN SALSA DE MARISCOS",J:K,2,FALSE),0)+IFERROR(VLOOKUP("RISOTTO FRUTOS DEL MAR",J:K,2,FALSE),0)+IFERROR(VLOOKUP("TRES CAUSAS UNA PARRILLA",J:K,2,FALSE)/2,0) -> 1 | H36: =D36-$E$36-F36-G36 -> 3
A37: TOLLO | B37: ='21.09.25'!H37 -> 4 | C37: 10 | D37: =B37+C37 -> 14 | E37: =IFERROR(VLOOKUP("PIQUEO FRUTOS DEL MAR",J:K,2,FALSE)*2,0)+IFERROR(VLOOKUP("CHICHARRON PESCA DEL DIA",J:K,2,FALSE),0)+IFERROR(VLOOKUP("CEVICHE PESCA DEL DIA",J:K,2,FALSE),0)+IFERROR(VLOOKUP("LECHE DE TIGRE",J:K,2,FALSE),0)+IFERROR(VLOOKUP("1/2 LECHE DE TIGRE",J:K,2,FALSE)/2,0)+IFERROR(VLOOKUP("TRILOGIA DE LECHES DE TIGRE ",J:K,2,FALSE),0)+IFERROR(VLOOKUP("CAUSA EN SALSA ACEVICHADA ",J:K,2,FALSE),0)+IFERROR(VLOOKUP("CAUSA DE LA CASA",J:K,2,FALSE),0) -> 1 | H37: =D37-$E$36-F37-G37 -> 13
A38: LANGOSTINO | B38: ='21.09.25'!H38 -> 4 | D38: =B38+C38 -> 4 | E38: =IFERROR(VLOOKUP("LANGOSTINO THAI",J:K,2,FALSE),0)+IFERROR(VLOOKUP("LANGOSTINOS CROCANTES CON PALTA BRACEADA",J:K,2,FALSE),0)+IFERROR(VLOOKUP("ARROZ C/LANGOSTINOS",J:K,2,FALSE),0)+IFERROR(VLOOKUP("SALTADO MAR Y TIERRA",J:K,2,FALSE)/2,0)+IFERROR(VLOOKUP("CAUSA DE LANGOSTINOS",J:K,2,FALSE),0)+IFERROR(VLOOKUP("TACU TACU C/ LENGUADO EN SALSA DE LANGOSTINOS",J:K,2,FALSE),0)+IFERROR(VLOOKUP("TACU TACU C/LOMO FINO EN SALSA DE LANGOSTINOS",J:K,2,FALSE),0) -> 0 | H38: =D38-$E$36-F38-G38 -> 3

Sheet 23.09.25
A1: KARDEX COCINA - FECHA 23.09.25
A2: ENTRADAS | B2: SALDO INICIAL | C2: INGRESOS | D2: TOTAL | E2: VENTA | F2: MENU | G2: MERMA/ VARIOS | H2: SALDO FINAL | I2: OBSERVACION
A3: TAMALES | B3: ='22.09.25'!H3 -> 5 | D3: =B3+C3 -> 5 | E3: =IFERROR(VLOOKUP("TAMAL DE LA CASA CON ZARZA CRIOLLAL",J:K,2,FALSE),"0") -> 0 | H3: =D3-E3-F3-G3 -> 5 | J3: AJI DE GALLINA | K3: 3
A4: HUMITAS | B4: ='22.09.25'!H4 -> 0 | D4: =B4+C4 -> 0 | E4: =IFERROR(VLOOKUP("HUMITA DOÑA FRESIA C/AJI DE GALLINA",J:K,2,FALSE),"0") -> 0 | H4: =D4-E4-F4-G4 -> 0 | J4: AJIACO DE CUY(1/2 CUY) C/ARROZ | K4: 5
A5: PAPA RELLENA | B5: ='22.09.25'!H5 -> 1 | C5: 5 | D5: =B5+C5 -> 6 | E5: =IFERROR(VLOOKUP(A$5,J:K,2,FALSE),0)+IFERROR(VLOOKUP("PIQUEO PERUANISIMO",J:K,2,FALSE),0) -> 1 | H5: =D5-E5-F5-G5 -> 5 | J5: ARROZ C/MARISCOS | K5: 3
A6: SANGRECITA | B6: ='22.09.25'!H6 -> 4 | C6: 5 | D6: =B6+C6 -> 9 | E6: =IFERROR(VLOOKUP("SANGRECITA C/YUCA",J:K,2,FALSE),"0") -> 8 | H6: =D6-E6-F6-G6 -> 1 | J6: ARROZ C/PATO | K6: 4
A7: AJI DE GALLINA | B7: ='22.09.25'!H7 -> 9 | D7: =B7+C7 -> 9 | E7: =IFERROR(VLOOKUP("HUMITA DOÑA FRESIA C/AJI DE GALLINA", J:K,2, FALSE)/2, 0) + IFERROR(VLOOKUP("AJI DE GALLINA",J:K,2, FALSE), 0) -> 3 | H7: =D7-E7-F7-G7 -> 6 | J7: ARROZ C/PATO DESHUESADO | K7: 3
A8: MOLLEJITA | B8: ='22.09.25'!H8 -> 8 | D8: =B8+C8 -> 8 | E8: =IFERROR(VLOOKUP("MOLLEJITAS GUISADAS",J:K,2,FALSE),"0")+IFERROR(VLOOKUP("PIQUEO DOÑA FRESIA",J:K,2,FALSE),0) -> 3 | H8: =D8-E8-F8-G8 -> 5 | J8: ASADO DE RES CON ARROZ Y PURE | K8: 5
A9: PATITA | B9: ='22.09.25'!H9 -> 7.5 | C9: 5 | D9: =B9+C9 -> 12.5 | E9: =IFERROR(VLOOKUP("1/2 PATITA EN FIAMBRE",J:K,2, FALSE)/2, 0) + IFERROR(VLOOKUP("PATITA EN FIAMBRE",J:K, 2, FALSE), 0) -> 2 | G9: 6 | H9: =D9-E9-F9-G9 -> 4.5 | I9: SE ENVIO A SAN ANDRES | J9: BISTEC DE LOMO FINO A LO POBRE | K9: 5
A10: CECINA | B10: ='22.09.25'!H10 -> 1 | C10: 5 | D10: =B10+C10 -> 6 | E10: =IFERROR(VLOOKUP("CECINAS DE LOMO C/YUCA",J:K,2,FALSE),"0")+IFERROR(VLOOKUP("PIQUEO DOÑA FRESIA",J:K,2,FALSE)/2,0) -> 1 | H10: =D10-E10-F10-G10 -> 5 | J10: CABRITO C/ARROZ FRIJOL Y YUCA | K10: 15
A11: ADOBO | B11: ='22.09.25'!H11 -> 7 | D11: =B11+C11 -> 7 | E11: =IFERROR(VLOOKUP("CARNE DE CERDO ADOBADA",J:K,2,FALSE),0) -> 1 | H11: =D11-E11-F11-G11 -> 6 | J11: CABRITO DESHUESADO | K11: 11
A12: SANCOCHADO | B12: ='22.09.25'!H12 -> 0 | D12: =B12+C12 -> 0 | E12: =IFERROR(VLOOKUP("SANCOCHADO 450g.",J:K,2,FALSE),0) -> 0 | H12: =D12-E12-F12-G12 -> 0 | J12: CAUSA DE LA CASA | K12: 2
A13: SHAMBAR | B13: ='22.09.25'!H13 -> 3 | D13: =B13+C13 -> 3 | E13: =IFERROR(VLOOKUP(A13,J:K,2,FALSE),0) -> 0 | H13: =D13-E13-F13-G13 -> 3 | J13: CAUSA DE LOMO FINO SALTADO | K13: 1
A14: CALDO DE GALLINA | B14: ='22.09.25'!H14 -> 0 | D14: =B14+C14 -> 0 | E14: =IFERROR(VLOOKUP(A14,J:K,2,FALSE),0) -> 0 | H14: =D14-E14-F14-G14 -> 0 | J14: CECINAS DE LOMO C/YUCA | K14: 1
A15: GUISOS | J15: CEVICHE DE LENGUADO | K15: 1
A16: ASADO | B16: ='22.09.25'!H16 -> 20 | C16: 2 | D16: =B16+C16 -> 22 | E16: =IFERROR(VLOOKUP("ASADO DE RES CON ARROZ Y PURE",J:K,2,FALSE),0)+IFERROR(VLOOKUP("FETUCCINI AL P.C/ ASADO DE RES",J:K,2,FALSE),"0")+IFERROR(VLOOKUP("FETUCCINI A LO ALFR.C/ ASADO DE RES",J:K,2,FALSE),"0")+IFERROR(VLOOKUP("FETUCCINI A LA H.C/ ASADO DE RES",J:K,2,FALSE),"0")+IFERROR(VLOOKUP("SANDWICH DE ASADO DE RES",J:K,2,FALSE),0)+IFERROR(VLOOKUP("RISOTTO A LA H. C/ASADO",J:K,2,FALSE),0)+IFERROR(VLOOKUP("RISOTTO AL PESTO C/ASADO",J:K,2,FALSE),0)+IFERROR(VLOOKUP("TACU TACU C/ ASADO DE RES",J:K,2,FALSE),0) -> 7 | H16: =D16-E16-F16-G16 -> 15 | J16: CHAUFA DE MARISCOS | K16: 1
A17: CUY | B17: ='22.09.25'!H17 -> 5 | C17: 4 | D17: =B17+C17 -> 9 | E17: =IFERROR(VLOOKUP("AJIACO DE CUY(1/2 CUY) C/ARROZ",J:K,2,FALSE),"0") -> 5 | H17: =D17-E17-F17-G17 -> 4 | J17: CHICHARRON DE LANGOSTINOS | K17: 1
A18: ALBONDIGA | B18: ='22.09.25'!H18 -> 4 | D18: =B18+C18 -> 4 | E18: =IFERROR(VLOOKUP("ALBONDIGA CON ARROZ",J:K,2,FALSE),"0") -> 2 | H18: =D18-E18-F18-G18 -> 2 | J18: CORVINA SUDADA | K18: 4
A19: ARROZ C. PATO | B19: ='22.09.25'!H19 -> 0 | C19: 10 | D19: =B19+C19 -> 10 | E19: =IFERROR(VLOOKUP("ARROZ C/PATO DESHUESADO", J:K, 2, FALSE)*2, 0)+IFERROR(VLOOKUP("ARROZ C/PATO",J:K,2,FALSE),"0") -> 10 | H19: =D19-E19-F19-G19 -> 0 | J19: DIETA DE POLLO | K19: 1
A20: CABRITO NORMAL | B20: ='22.09.25'!H20 -> 40 | D20: =B20+C20 -> 40 | E20: =IFERROR(VLOOKUP("CABRITO C/ TACU TACU",J:K,2,FALSE),"0")+IFERROR(VLOOKUP("CABRITO C/ARROZ FRIJOL Y YUCA",J:K,2,FALSE),"0")+IFERROR(VLOOKUP("PRESA DE CABRITO",J:K,2,FALSE),"0")+IFERROR(VLOOKUP("CABRITO DESHUESADO",J:K,2,FALSE)*2,"0")+IFERROR(VLOOKUP("TACU TACU C/ CABRITO DESHUESADO",J:K,2,FALSE)*2,"0")+IFERROR(VLOOKUP("PIQUEO DOÑA FRESIA",J:K,2,FALSE)*2,"0") -> 39 | H20: =D20-E20-F20-G20 -> 1 | J20: ENSALADA MIXTA PERSONAL | K20: 1
A21: CABRITO DESHUESADO | B21: ='22.09.25'!H21 | D21: =B21+C21 -> 0 | J21: FETUCCINI A LA H.C/ FILETE DE POLLO | K21: 1
A22: PATO ESTOFADO | B22: ='22.09.25'!H22 -> 28 | C22: 5 | D22: =B22+C22 -> 33 | E22: =IFERROR(VLOOKUP("PATO ESTOFADO C/ARROZ Y FRIJOL",J:K,2,FALSE),0)+IFERROR(VLOOKUP("PATO ESTOFADO DESHUESADO",J:K,2,FALSE)*2,0)+IFERROR(VLOOKUP("TACU TACU C/ PATO ESTOF. DESHUESADO",J:K,2,FALSE)*2,0)+IFERROR(VLOOKUP("PIQUEO DOÑA FRESIA",J:K,2,FALSE)*2,0)+IFERROR(VLOOKUP("PATO ESTOFADO CON TACU TACU",J:K,2,FALSE),0) -> 14 | H22: =D22-E22-F22-G22 -> 19 | J22: FETUCCINI A LA H.C/ MILANESA | K22: 1
A23: PEPIAN | B23: ='22.09.25'!H23 -> 0 | D23: =B23+C23 -> 0 | E23: =IFERROR(VLOOKUP("PEPIAN DE PAVO",J:K,2,FALSE),"0")+IFERROR(VLOOKUP("PRESA DE PAVA",J:K,2,FALSE),0)+IFERROR(VLOOKUP("SANDWICH DE PAVO",J:K,2,FALSE),0) -> 0 | H23: =D23-E23-F23-G23 -> 0 | J23: FETUCCINI A LO ALFR.C/ FILETE DE POLLO | K23: 1
A24: CORVINA GUISADA | B24: ='22.09.25'!H24 -> 5 | D24: =B24+C24 -> 5 | E24: =IFERROR(VLOOKUP("CORVINA GUISADA C/E CHOCLO",J:K,2,FALSE),"0") -> 0 | G24: 1 | H24: =D24-E24-F24-G24 -> 4 | I24: DESCARTE MAL ESTADO | J24: FETUCCINI A LO ALFR.C/ BISTEC APANADO | K24: 1
A25: FRITURAS | J25: FETUCCINI A LO ALFR.C/ BISTEC DE LOMO | K25: 1
A26: LOMO SALTADO | B26: ='22.09.25'!H26 -> 0 | C26: 10 | D26: =B26+C26 -> 10 | E26: =IFERROR(VLOOKUP("LOMO SALTADO C/ARROZ",J:K,2,FALSE),0)+IFERROR(VLOOKUP("TACU TACU C/ LOMO SALTADO",J:K,2,FALSE),0)+IFERROR(VLOOKUP("LOMO SALTADO A LO POBRE",J:K,2,FALSE),0)++IFERROR(VLOOKUP("FETUCCINI AL P.C/ LOMO SALTADO",J:K,2,FALSE),"0")+IFERROR(VLOOKUP("FETUCCINI A LO ALFR.C/ LOMO SALTADO",J:K,2,FALSE),"0")+IFERROR(VLOOKUP("FETUCCINI A LA H.C/ LOMO SALTADO",J:K,2,FALSE),"0")+IFERROR(VLOOKUP("RISOTTO A LA H. C/ LOMO SALTADO",J:K,2,FALSE),0)+IFERROR(VLOOKUP("RISOTTO PESTO C/LOMO SALTADO",J:K,2,FALSE),0)+IFERROR(VLOOKUP("CAUSA DE LOMO FINO SALTADO",J:K,2,FALSE)/2,0)+IFERROR(VLOOKUP("LOMO SALTADO A NUESTRO ESTILO",J:K,2,FALSE),0)+IFERROR(VLOOKUP("SANDWICH DE LOMO FINO SALTADO",J:K,2,FALSE)/2,0)+IFERROR(VLOOKUP("LOMO SALTADO C/ ARROZ Y FRIJOL",J:K,2,FALSE),0)+IFERROR(VLOOKUP("SALTADO MAR Y TIERRA ",$J:$K,2,FALSE)/2,0)+IFERROR(VLOOKUP("LOMO EN NUESTRO ESTILO",$J:$K,2,FALSE),0) -> 3.5 | H26: =D26-E26-F26-G26 -> 6.5 | J26: FETUCCINI AL P.C/ ASADO DE RES | K26: 2
A27: FILETE DE POLLO CARTA | B27: ='22.09.25'!H27 -> 4 | C27: 6 | D27: =B27+C27 -> 10 | E27: =IFERROR(VLOOKUP("FILETE DE POLLO A LA PLANCHA",J:K,2,FALSE),"0")+IFERROR(VLOOKUP("FETUCCINI A LO ALFR.C/ FILETE DE POLLO",J:K,2,FALSE),"0")+IFERROR(VLOOKUP("FETUCCINI A LA H.C/ FILETE DE POLLO",J:K,2,FALSE),"0")+IFERROR(VLOOKUP("FETUCCINI AL P.C/ FILETE DE POLLO",J:K,2,FALSE),"0")+IFERROR(VLOOKUP("PIQUEO PERUANISIMO",J:K,2,FALSE)*2,0)+IFERROR(VLOOKUP("DIETA DE POLLO",J:K,2,FALSE),0)+IFERROR(VLOOKUP("RISOTTO PESTO C/FILETE DE POLLO",J:K,2,FALSE),0)+IFERROR(VLOOKUP("POLLO SALTADO C/ ARROZ Y PAPAS FRITAS",J:K,2,FALSE),0)+IFERROR(VLOOKUP("PRESA DE FILETE DE POLLO",J:K,2,FALSE),0)+IFERROR(VLOOKUP("SALTADO MAR Y TIERRA ",J:K,2,FALSE)/2,0)+IFERROR(VLOOKUP("CAUSA DE POLLO ",J:K,2,FALSE),0)+IFERROR(VLOOKUP("SANDWICH DE POLLO ",J:K,2,FALSE),0) -> 9 | H27: =D27-E27-F27-G27 -> 1 | J27: FETUCCINI AL P.C/ BISTEC APANADO | K27: 1
A28: MILANESA CARTA | B28: ='22.09.25'!H28 -> 6 | D28: =B28+C28 -> 6 | E28: =IFERROR(VLOOKUP("MILANESA DE POLLO",J:K,2,FALSE),"0")+IFERROR(VLOOKUP("FETUCCINI AL P.C/ MILANESA",J:K,2,FALSE),"0")+IFERROR(VLOOKUP("FETUCCINI A LO ALFR.C/ MILANESA",J:K,2,FALSE),"0")+IFERROR(VLOOKUP("FETUCCINI A LA H.C/ MILANESA",J:K,2,FALSE),"0")+IFERROR(VLOOKUP("MILANESA DE POLLO A LO POBRE",J:K,2,FALSE),"0")+IFERROR(VLOOKUP("RISOTTO PESTO C/MILANESA",J:K,2,FALSE),0)+IFERROR(VLOOKUP("TACU TACU C/ MILANESA",J:K,2,FALSE),0)+IFERROR(VLOOKUP("RISOTTO A LA H. C/MILANESA DE POLLO",J:K,2,FALSE),0) -> 1 | H28: =D28-E28-F28-G28 -> 5 | J28: FILETE DE POLLO A LA PLANCHA | K28: 6
A29: BISTEC CARTA | B29: ='22.09.25'!H29 -> 0 | C29: 12 | D29: =B29+C29 -> 12 | E29: =IFERROR(VLOOKUP("TACU TACU C/ BISTEC A LO POBRE",J:K,2,FALSE),0)+IFERROR(VLOOKUP("BISTEC DE LOMO FINO A LO POBRE",J:K,2,FALSE),0)+IFERROR(VLOOKUP("FETUCCINI AL P.C/ BISTEC DE LOMO 250 G",J:K,2,FALSE),"0")+IFERROR(VLOOKUP("FETUCCINI A LO ALFR.C/ BISTEC DE LOMO 250 G",J:K,2,FALSE),"0")+IFERROR(VLOOKUP("FETUCCINI A LA H.C/ BISTEC DE LOMO 250 G",J:K,2,FALSE),"0")+IFERROR(VLOOKUP("FETUCCINI AL P.C/ BISTEC DE LOMO APANADO",J:K,2,FALSE),"0")+IFERROR(VLOOKUP("FETUCCINI A LO ALFR.C/ BISTEC DE LOMO APANADO",J:K,2,FALSE),"0")+IFERROR(VLOOKUP("FETUCCINI A LA H.C/ BISTEC DE LOMO APANADO",J:K,2,FALSE),"0")+IFERROR(VLOOKUP("RISOTTO A LA H. BISTEC DE LOMO 250 G",J:K,2,FALSE),0)+IFERROR(VLOOKUP("RISOTTO PESTO C/BISTEC DE LOMO 250 G",J:K,2,FALSE),0)+IFERROR(VLOOKUP("BISTEC DE LOMO FINO A LA PLANCHA",J:K,2,FALSE),0)+IFERROR(VLOOKUP("LOMO A LAS 3 PIMIENTAS",J:K,2,FALSE),0)+IFERROR(VLOOKUP("LOMO FINO EN SALSA D CHAMPIÑONES",J:K,2,FALSE),0)+IFERROR(VLOOKUP("BISTEC DE LOMO FINO APANADO",J:K,2,FALSE),0)+IFERROR(VLOOKUP("TACU TACU C/LOMO FINO EN SALSA DE LANGOSTINOS",J:K,2,FALSE),0) -> 7 | H29: =D29-E29-F29-G29 -> 5 | J29: LENGUADO A LA PLANCHA CON ARROZ | K29: 2
A30: CHICHARRON DE POLLO | B30: ='22.09.25'!H30 -> 0 | D30: =B30+C30 -> 0 | E30: =IFERROR(VLOOKUP("CHICHARRON DE POLLO C/ PAPAS FRITAS",J:K,2,FALSE),0)+IFERROR(VLOOKUP("1/2 PORC. CHICHARRON DE POLLO",J:K,2,FALSE),0) -> 0 | H30: =D30-E30-F30-G30 -> 0 | J30: LENGUADO APANADO C/ARROZ Y FRIJOL | K30: 1
A31: PESCADOS Y MARISCOS | D31: =B31+C31 -> 0 | H31: =D31-E31-F31-G31 -> 0 | J31: LOMO FINO EN SALSA D CHAMPIÑONES | K31: 2
A32: LENGUADO | B32: ='22.09.25'!H32 -> 12 | C32: 17 | D32: =B32+C32 -> 29 | E32: =IFERROR(VLOOKUP("CEVICHE MIXTO DE MARISCOS",J:K,2,FALSE),0)+IFERROR(VLOOKUP("CEVICHE DE LENGUADO",J:K,2,FALSE),0)+IFERROR(VLOOKUP("LENGUADO A LA PLANCHA CON ARROZ",J:K,2,FALSE),0)+IFERROR(VLOOKUP("LENGUADO A LO MACHO CON YUCA",J:K,2,FALSE),0)+IFERROR(VLOOKUP("LENGUADO APANADA C/ARROZ Y FRIJOL",J:K,2,FALSE),0)+IFERROR(VLOOKUP("LENGUADO ESCABECHADO C/ARROZ Y CAMOTE",J:K,2,FALSE),0)+IFERROR(VLOOKUP("TACU TACU C/ LENGUADO EN SALSA DE LANGOSTINOS",J:K,2,FALSE),0)+IFERROR(VLOOKUP("TACU TACU C/LENGUADO EN SALSA DE MARISCOS",J:K,2,FALSE),0)+IFERROR(VLOOKUP("TIRADITO DE LENGUADO A LAS DOS CREMAS",J:K,2,FALSE),0)+IFERROR(VLOOKUP("TIRADITO DE LENGUADO O SIMILAR",J:K,2,FALSE),0)+IFERROR(VLOOKUP("CHICHARRON DE LENGUADO",J:K,2,FALSE),0)+IFERROR(VLOOKUP("JALEA DE LENGUADO O SIMILAR",J:K,2,FALSE),0)+IFERROR(VLOOKUP("LENGUADO O CORVINA FRITA C/ARROZ Y YUCA",J:K,FALSE),0)+IFERROR(VLOOKUP("LENGUADO O CORVINA FRITA EN S/MARISCOS",J:K,2,FALSE),0)+IFERROR(VLOOKUP("LENGUADO O SIMILAR AL AJO C/ARROZ",J:K,2,FALSE),0)+IFERROR(VLOOKUP("LENGUADO A LA MEUNIERE",J:K,2,FALSE),0)+IFERROR(VLOOKUP("TACU TACU C/ LENGUADO A LO MACHO",J:K,2,FALSE),0)+IFERROR(VLOOKUP("CHICHARRON MIXTO DE MARISCOS",J:K,2,FALSE),0)+IFERROR(VLOOKUP("FUENTE DE CEVICHE DE CORVINA O LENGUADO",J:K,2,FALSE)*2,0)+IFERROR(VLOOKUP("CAUSA DE LA CASA ",J:K,2,FALSE),0)+IFERROR(VLOOKUP("TACU TACU C/ LENGUDO EN SALSA DE LANGOSTINOS",J:K,2,FALSE),0) -> 4 | H32: =D32-E32-F32-G32 -> 25 | J32: LOMO SALTADO C/ARROZ | K32: 2
A33: CORVINA | B33: ='22.09.25'!H33 -> 2 | C33: 6 | D33: =B33+C33 -> 8 | E33: =IFERROR(VLOOKUP("CORVINA SUDADA",J:K,2,FALSE),0)+IFERROR(VLOOKUP("CHUPE DE CORVINA",J:K,2,FALSE),0) -> 4 | H33: =D33-E33-F33-G33 -> 4 | J33: MOLLEJITAS GUISADAS | K33: 3
A34: PULPO | B34: ='22.09.25'!H34 -> 4 | C34: 5 | D34: =B34+C34 -> 9 | E34: =IFERROR(VLOOKUP("PULPO ANTICUCHERO 250G",J:K,2,FALSE),0)+IFERROR(VLOOKUP("PULPO AL OLIVO 200G",J:K,2,FALSE),0)+IFERROR(VLOOKUP("CEVICHE DE PULPO",J:K,2,FALSE),0)+IFERROR(VLOOKUP("CAUSA DE PULPO AL OLIVO",J:K,2,FALSE),0)+IFERROR(VLOOKUP("CEVICHE DE PULPO",J:K,2,FALSE)*2,0)+IFERROR(VLOOKUP("TRES CAUSAS UNA PARRILLA",J:K,2,FALSE)/2,0) -> 1 | H34: =D34-E34-F34-G34 -> 8 | J34: PAPA A LA HUANCAINA | K34: 2
A35: CAMARON | B35: ='22.09.25'!H35 -> 0 | D35: =B35+C35 -> 0 | E35: =IFERROR(VLOOKUP("CHUPE DE CAMARORES",J:K,2,FALSE),0)+IFERROR(VLOOKUP("CAMARONES AL AJO",J:K,2,FALSE),0)+IFERROR(VLOOKUP("CEVICHE DE CAMARONES",J:K,2,FALSE),0)+IFERROR(VLOOKUP("ARROZ CON CAMARONES",J:K,2,FALSE),0)+IFERROR(VLOOKUP("CAUSA DE CAMARONES",J:K,2,FALSE),0) -> 0 | H35: =D35-E35-F35-G35 -> 0 | J35: PAPA RELLENA | K35: 1
A36: MIXTURA | B36: ='22.09.25'!H36 -> 3 | C36: 25 | D36: =B36+C36 -> 28 | E36: =IFERROR(VLOOKUP("PIQUEO FRUTOS DEL MAR",J:K,2,FALSE)*2,0)+IFERROR(VLOOKUP("CEVICHE MIXTO DE MARISCOS",J:K,2,FALSE),0)+IFERROR(VLOOKUP("ARROZ C/MARISCOS",J:K,2,FALSE),0)+IFERROR(VLOOKUP("TORTILLA DE MARISCOS C/ ARROZ",J:K,2,FALSE),0)+IFERROR(VLOOKUP("CHAUFA DE MARISCOS",J:K,2,FALSE),0)+IFERROR(VLOOKUP("PARIHUELA DE MARISCOS",J:K,2,FALSE),0)+IFERROR(VLOOKUP("PICANTE DE MARISCOS",J:K,2,FALSE),0)+IFERROR(VLOOKUP("TACU TACU EN SALSA DE MARISCOS",J:K,2,FALSE),0)+IFERROR(VLOOKUP("TRÍO DE CAUSAS",J:K,2,FALSE),0)+IFERROR(VLOOKUP("CHICHARRON MIXTO DE MARISCOS",J:K,2,FALSE),0)+IFERROR(VLOOKUP("LENGUADO O CORVINA FRITA EN S/MARISCOS",J:K,2,FALSE),0)+IFERROR(VLOOKUP("TACU TACU C/LENGUADO EN SALSA DE MARISCOS",J:K,2,FALSE),0)+IFERROR(VLOOKUP("RISOTTO FRUTOS DEL MAR",J:K,2,FALSE),0)+IFERROR(VLOOKUP("TRES CAUSAS UNA PARRILLA",J:K,2,FALSE)/2,0) -> 6 | H36: =D36-$E$36-F36-G36 -> 22 | J36: PATO ESTOFADO C/ARROZ Y FRIJOL | K36: 4
A37: TOLLO | B37: ='22.09.25'!H37 -> 13 | D37: =B37+C37 -> 13 | E37: =IFERROR(VLOOKUP("PIQUEO FRUTOS DEL MAR",J:K,2,FALSE)*2,0)+IFERROR(VLOOKUP("CHICHARRON PESCA DEL DIA",J:K,2,FALSE),0)+IFERROR(VLOOKUP("CEVICHE PESCA DEL DIA",J:K,2,FALSE),0)+IFERROR(VLOOKUP("LECHE DE TIGRE",J:K,2,FALSE),0)+IFERROR(VLOOKUP("1/2 LECHE DE TIGRE",J:K,2,FALSE)/2,0)+IFERROR(VLOOKUP("TRILOGIA DE LECHES DE TIGRE ",J:K,2,FALSE),0)+IFERROR(VLOOKUP("CAUSA EN SALSA ACEVICHADA ",J:K,2,FALSE),0)+IFERROR(VLOOKUP("CAUSA DE LA CASA",J:K,2,FALSE),0) -> 4 | H37: =D37-$E$36-F37-G37 -> 7 | J37: PATO ESTOFADO DESHUESADO | K37: 5
A38: LANGOSTINO | B38: ='22.09.25'!H38 -> 3 | C38: 15 | D38: =B38+C38 -> 18 | E38: =IFERROR(VLOOKUP("LANGOSTINO THAI",J:K,2,FALSE),0)+IFERROR(VLOOKUP("LANGOSTINOS CROCANTES CON PALTA BRACEADA",J:K,2,FALSE),0)+IFERROR(VLOOKUP("ARROZ C/LANGOSTINOS",J:K,2,FALSE),0)+IFERROR(VLOOKUP("SALTADO MAR Y TIERRA",J:K,2,FALSE)/2,0)+IFERROR(VLOOKUP("CAUSA DE LANGOSTINOS",J:K,2,FALSE),0)+IFERROR(VLOOKUP("TACU TACU C/ LENGUADO EN SALSA DE LANGOSTINOS",J:K,2,FALSE),0)+IFERROR(VLOOKUP("TACU TACU C/LOMO FINO EN SALSA DE LANGOSTINOS",J:K,2,FALSE),0) -> 1 | H38: =D38-$E$36-F38-G38 -> 12 | J38: PIQUEO FRUTOS DEL MAR | K38: 1
D39: =B39+C39 -> 0 | H39: =D39-E39-F39-G39 -> 0 | J39: PORCION DE ARROZ | K39: 3
B40: ='22.09.25'!H40 | J40: SANGRECITA C/YUCA | K40: 8
B41: ='22.09.25'!H41 | J41: TACU TACU C/ CABRITO DESHUESADO | K41: 1
B42: ='22.09.25'!H42 | J42: TACU TACU C/ LOMO SALTADO | K42: 1
B43: ='22.09.25'!H43 | J43: TIRADITO A LAS TRES CREMAS | K43: 1
B44: ='22.09.25'!H44 | J44: TRIO DE CAUSAS | K44: 1
B45: ='22.09.25'!H45 | J45: ALBONDIGA CON ARROZ | K45: 2
J46: PATITA EN FIAMBRE | K46: 2
J47: CARNE DE CERDO ADOBADA | K47: 1
J48: CAUSA DE LANGOSTINOS | K48: 1
J49: CAUSA DE POLLO | K49: 1
J50: CAUSA DE PULPO AL OLIVO | K50: 1
J51: LENGUADO A LO MACHO CON YUCA | K51: 1
J52: LENGUADO O CORVINA FRITA EN S/LANGOSTINOS | K52: 1

Sheet 24.09.25
A1: KARDEX COCINA - FECHA 24.09.25
A2: ENTRADAS | B2: SALDO INICIAL | C2: INGRESOS | D2: TOTAL | E2: VENTA | F2: MENU | G2: MERMA/ VARIOS | H2: SALDO FINAL | I2: OBSERVACION
A3: TAMALES | B3: ='23.09.25'!H3 -> 5 | D3: =B3+C3 -> 5 | E3: =IFERROR(VLOOKUP("TAMAL DE LA CASA CON ZARZA CRIOLLAL",J:K,2,FALSE),"0") -> 0 | H3: =D3-E3-F3-G3 -> 5 | J3: AJI DE GALLINA | K3: 4
A4: HUMITAS | B4: ='23.09.25'!H4 -> 0 | D4: =B4+C4 -> 0 | E4: =IFERROR(VLOOKUP("HUMITA DOÑA FRESIA C/AJI DE GALLINA",J:K,2,FALSE),"0") -> 0 | H4: =D4-E4-F4-G4 -> 0 | J4: ARROZ C/MARISCOS | K4: 1
A5: PAPA RELLENA | B5: ='23.09.25'!H5 -> 5 | D5: =B5+C5 -> 5 | E5: =IFERROR(VLOOKUP(A$5,J:K,2,FALSE),0)+IFERROR(VLOOKUP("PIQUEO PERUANISIMO",J:K,2,FALSE),0) -> 1 | H5: =D5-E5-F5-G5 -> 4 | J5: ARROZ C/PATO | K5: 1
A6: SANGRECITA | B6: ='23.09.25'!H6 -> 1 | C6: 9 | D6: =B6+C6 -> 10 | E6: =IFERROR(VLOOKUP("SANGRECITA C/YUCA",J:K,2,FALSE),"0") -> 8 | H6: =D6-E6-F6-G6 -> 2 | J6: ARROZ C/PATO DESHUESADO | K6: 4
A7: AJI DE GALLINA | B7: ='23.09.25'!H7 -> 6 | C7: 5 | D7: =B7+C7 -> 11 | E7: =IFERROR(VLOOKUP("HUMITA DOÑA FRESIA C/AJI DE GALLINA", J:K,2, FALSE)/2, 0) + IFERROR(VLOOKUP("AJI DE GALLINA",J:K,2, FALSE), 0) -> 4 | H7: =D7-E7-F7-G7 -> 7 | J7: ASADO DE RES CON ARROZ Y PURE | K7: 3
A8: MOLLEJITA | B8: ='23.09.25'!H8 -> 5 | D8: =B8+C8 -> 5 | E8: =IFERROR(VLOOKUP("MOLLEJITAS GUISADAS",J:K,2,FALSE),"0")+IFERROR(VLOOKUP("PIQUEO DOÑA FRESIA",J:K,2,FALSE),0) -> 1 | G8: 1.5 | H8: =D8-E8-F8-G8 -> 2.5 | I8: SE ENVIO A SAN ANDRES | J8: BISTEC DE LOMO FINO A LA PLANCHA | K8: 3
A9: PATITA | B9: ='23.09.25'!H9 -> 4.5 | D9: =B9+C9 -> 4.5 | E9: =IFERROR(VLOOKUP("1/2 PATITA EN FIAMBRE",J:K,2, FALSE)/2, 0) + IFERROR(VLOOKUP("PATITA EN FIAMBRE",J:K, 2, FALSE), 0) -> 2.5 | H9: =D9-E9-F9-G9 -> 2 | J9: BISTEC DE LOMO FINO A LO POBRE | K9: 3
A10: CECINA | B10: ='23.09.25'!H10 -> 5 | D10: =B10+C10 -> 5 | E10: =IFERROR(VLOOKUP("CECINAS DE LOMO C/YUCA",J:K,2,FALSE),"0")+IFERROR(VLOOKUP("PIQUEO DOÑA FRESIA",J:K,2,FALSE)/2,0) -> 1.5 | H10: =D10-E10-F10-G10 -> 3.5 | J10: CABRITO C/ARROZ FRIJOL Y YUCA | K10: 10
A11: ADOBO | B11: ='23.09.25'!H11 -> 6 | D11: =B11+C11 -> 6 | E11: =IFERROR(VLOOKUP("CARNE DE CERDO ADOBADA",J:K,2,FALSE),0) -> 2 | H11: =D11-E11-F11-G11 -> 4 | J11: CABRITO DESHUESADO | K11: 9
A12: SANCOCHADO | B12: ='23.09.25'!H12 -> 0 | C12: 4 | D12: =B12+C12 -> 4 | E12: =IFERROR(VLOOKUP("SANCOCHADO 450g.",J:K,2,FALSE),0) -> 4 | H12: =D12-E12-F12-G12 -> 0 | J12: CARNE DE CERDO ADOBADA | K12: 2
A13: SHAMBAR | B13: ='23.09.25'!H13 -> 3 | D13: =B13+C13 -> 3 | E13: =IFERROR(VLOOKUP(A13,J:K,2,FALSE),0) -> 0 | H13: =D13-E13-F13-G13 -> 3 | J13: CAUSA DE LA CASA | K13: 2
A14: CALDO DE GALLINA | B14: ='23.09.25'!H14 -> 0 | D14: =B14+C14 -> 0 | E14: =IFERROR(VLOOKUP(A14,J:K,2,FALSE),0) -> 0 | H14: =D14-E14-F14-G14 -> 0 | J14: CAUSA DE PULPO AL OLIVO | K14: 2
A15: GUISOS | J15: CECINAS DE LOMO C/YUCA | K15: 1
A16: ASADO | B16: ='23.09.25'!H16 -> 15 | D16: =B16+C16 -> 15 | E16: =IFERROR(VLOOKUP("ASADO DE RES CON ARROZ Y PURE",J:K,2,FALSE),0)+IFERROR(VLOOKUP("FETUCCINI AL P.C/ ASADO DE RES",J:K,2,FALSE),"0")+IFERROR(VLOOKUP("FETUCCINI A LO ALFR.C/ ASADO DE RES",J:K,2,FALSE),"0")+IFERROR(VLOOKUP("FETUCCINI A LA H.C/ ASADO DE RES",J:K,2,FALSE),"0")+IFERROR(VLOOKUP("SANDWICH DE ASADO DE RES",J:K,2,FALSE),0)+IFERROR(VLOOKUP("RISOTTO A LA H. C/ASADO",J:K,2,FALSE),0)+IFERROR(VLOOKUP("RISOTTO AL PESTO C/ASADO",J:K,2,FALSE),0)+IFERROR(VLOOKUP("TACU TACU C/ ASADO DE RES",J:K,2,FALSE),0) -> 3 | H16: =D16-E16-F16-G16 -> 12 | J16: CEVICHE DE LENGUADO | K16: 2
A17: CUY | B17: ='23.09.25'!H17 -> 4 | C17: 4 | D17: =B17+C17 -> 8 | E17: =IFERROR(VLOOKUP("AJIACO DE CUY(1/2 CUY) C/ARROZ",J:K,2,FALSE),"0") -> 0 | H17: =D17-E17-F17-G17 -> 8 | J17: CEVICHE PESCA DEL DÌA | K17: 1
A18: ALBONDIGA | B18: ='23.09.25'!H18 -> 2 | C18: 2 | D18: =B18+C18 -> 4 | E18: =IFERROR(VLOOKUP("ALBONDIGA CON ARROZ",J:K,2,FALSE),"0") -> 1 | H18: =D18-E18-F18-G18 -> 3 | J18: CHAUFA DE LENGUADO | K18: 1
A19: ARROZ C. PATO | B19: ='23.09.25'!H19 -> 0 | C19: 10 | D19: =B19+C19 -> 10 | E19: =IFERROR(VLOOKUP("ARROZ C/PATO DESHUESADO", J:K, 2, FALSE)*2, 0)+IFERROR(VLOOKUP("ARROZ C/PATO",J:K,2,FALSE),"0") -> 9 | H19: =D19-E19-F19-G19 -> 1 | J19: CHICHARRON DE POLLO C/ PAPAS FRITAS | K19: 1
A20: CABRITO NORMAL | B20: ='23.09.25'!H20 -> 1 | C20: 40 | D20: =B20+C20 -> 41 | E20: =IFERROR(VLOOKUP("CABRITO C/ TACU TACU",J:K,2,FALSE),"0")+IFERROR(VLOOKUP("CABRITO C/ARROZ FRIJOL Y YUCA",J:K,2,FALSE),"0")+IFERROR(VLOOKUP("PRESA DE CABRITO",J:K,2,FALSE),"0")+IFERROR(VLOOKUP("CABRITO DESHUESADO",J:K,2,FALSE)*2,"0")+IFERROR(VLOOKUP("TACU TACU C/ CABRITO DESHUESADO",J:K,2,FALSE)*2,"0")+IFERROR(VLOOKUP("PIQUEO DOÑA FRESIA",J:K,2,FALSE)*2,"0") -> 32 | H20: =D20-E20-F20-G20 -> 9 | J20: CHICHARRON MIXTO DE MARISCOS | K20: 1
A21: CABRITO DESHUESADO | B21: ='23.09.25'!H21 | D21: =B21+C21 -> 0 | J21: CORVINA GUISADA C/E CHOCLO | K21: 4
A22: PATO ESTOFADO | B22: ='23.09.25'!H22 -> 19 | C22: 20 | D22: =B22+C22 -> 39 | E22: =IFERROR(VLOOKUP("PATO ESTOFADO C/ARROZ Y FRIJOL",J:K,2,FALSE),0)+IFERROR(VLOOKUP("PATO ESTOFADO DESHUESADO",J:K,2,FALSE)*2,0)+IFERROR(VLOOKUP("TACU TACU C/ PATO ESTOF. DESHUESADO",J:K,2,FALSE)*2,0)+IFERROR(VLOOKUP("PIQUEO DOÑA FRESIA",J:K,2,FALSE)*2,0)+IFERROR(VLOOKUP("PATO ESTOFADO CON TACU TACU",J:K,2,FALSE),0) -> 8 | G22: 10 | H22: =D22-E22-F22-G22 -> 21 | I22: SE DESHUESO PORQUE LAS PRESAS ESTABAN MUY CHICAS | J22: DIETA DE POLLO | K22: 1
A23: PEPIAN | B23: ='23.09.25'!H23 -> 0 | C23: 2 | D23: =B23+C23 -> 2 | E23: =IFERROR(VLOOKUP("PEPIAN DE PAVO",J:K,2,FALSE),"0")+IFERROR(VLOOKUP("PRESA DE PAVA",J:K,2,FALSE),0)+IFERROR(VLOOKUP("SANDWICH DE PAVO",J:K,2,FALSE),0) -> 2 | H23: =D23-E23-F23-G23 -> 0 | J23: ENSALADA DE PALTA | K23: 1
A24: CORVINA GUISADA | B24: ='23.09.25'!H24 -> 4 | C24: 1 | D24: =B24+C24 -> 5 | E24: =IFERROR(VLOOKUP("CORVINA GUISADA C/E CHOCLO",J:K,2,FALSE),"0") -> 4 | H24: =D24-E24-F24-G24 -> 1 | J24: FILETE DE POLLO A LA PLANCHA | K24: 5
A25: FRITURAS | J25: LENGUADO A LA PLANCHA CON ARROZ | K25: 1
A26: LOMO SALTADO | B26: ='23.09.25'!H26 -> 6.5 | C26: 1 | D26: =B26+C26 -> 7.5 | E26: =IFERROR(VLOOKUP("LOMO SALTADO C/ARROZ",J:K,2,FALSE),0)+IFERROR(VLOOKUP("TACU TACU C/ LOMO SALTADO",J:K,2,FALSE),0)+IFERROR(VLOOKUP("LOMO SALTADO A LO POBRE",J:K,2,FALSE),0)++IFERROR(VLOOKUP("FETUCCINI AL P.C/ LOMO SALTADO",J:K,2,FALSE),"0")+IFERROR(VLOOKUP("FETUCCINI A LO ALFR.C/ LOMO SALTADO",J:K,2,FALSE),"0")+IFERROR(VLOOKUP("FETUCCINI A LA H.C/ LOMO SALTADO",J:K,2,FALSE),"0")+IFERROR(VLOOKUP("RISOTTO A LA H. C/ LOMO SALTADO",J:K,2,FALSE),0)+IFERROR(VLOOKUP("RISOTTO PESTO C/LOMO SALTADO",J:K,2,FALSE),0)+IFERROR(VLOOKUP("CAUSA DE LOMO FINO SALTADO",J:K,2,FALSE)/2,0)+IFERROR(VLOOKUP("LOMO SALTADO A NUESTRO ESTILO",J:K,2,FALSE),0)+IFERROR(VLOOKUP("SANDWICH DE LOMO FINO SALTADO",J:K,2,FALSE)/2,0)+IFERROR(VLOOKUP("LOMO SALTADO C/ ARROZ Y FRIJOL",J:K,2,FALSE),0)+IFERROR(VLOOKUP("SALTADO MAR Y TIERRA ",$J:$K,2,FALSE)/2,0)+IFERROR(VLOOKUP("LOMO EN NUESTRO ESTILO",$J:$K,2,FALSE),0) -> 1 | H26: =D26-E26-F26-G26 -> 6.5 | J26: LENGUADO APANADO C/ARROZ Y FRIJOL | K26: 2
A27: FILETE DE POLLO CARTA | B27: ='23.09.25'!H27 -> 1 | C27: 5 | D27: =B27+C27 -> 6 | E27: =IFERROR(VLOOKUP("FILETE DE POLLO A LA PLANCHA",J:K,2,FALSE),"0")+IFERROR(VLOOKUP("FETUCCINI A LO ALFR.C/ FILETE DE POLLO",J:K,2,FALSE),"0")+IFERROR(VLOOKUP("FETUCCINI A LA H.C/ FILETE DE POLLO",J:K,2,FALSE),"0")+IFERROR(VLOOKUP("FETUCCINI AL P.C/ FILETE DE POLLO",J:K,2,FALSE),"0")+IFERROR(VLOOKUP("PIQUEO PERUANISIMO",J:K,2,FALSE)*2,0)+IFERROR(VLOOKUP("DIETA DE POLLO",J:K,2,FALSE),0)+IFERROR(VLOOKUP("RISOTTO PESTO C/FILETE DE POLLO",J:K,2,FALSE),0)+IFERROR(VLOOKUP("POLLO SALTADO C/ ARROZ Y PAPAS FRITAS",J:K,2,FALSE),0)+IFERROR(VLOOKUP("PRESA DE FILETE DE POLLO",J:K,2,FALSE),0)+IFERROR(VLOOKUP("SALTADO MAR Y TIERRA ",J:K,2,FALSE)/2,0)+IFERROR(VLOOKUP("CAUSA DE POLLO ",J:K,2,FALSE),0)+IFERROR(VLOOKUP("SANDWICH DE POLLO ",J:K,2,FALSE),0) -> 6 | H27: =D27-E27-F27-G27 -> 0 | J27: LENGUADO O SIMILAR AL AJO C/ARROZ | K27: 1
A28: MILANESA CARTA | B28: ='23.09.25'!H28 -> 5 | D28: =B28+C28 -> 5 | E28: =IFERROR(VLOOKUP("MILANESA DE POLLO",J:K,2,FALSE),"0")+IFERROR(VLOOKUP("FETUCCINI AL P.C/ MILANESA",J:K,2,FALSE),"0")+IFERROR(VLOOKUP("FETUCCINI A LO ALFR.C/ MILANESA",J:K,2,FALSE),"0")+IFERROR(VLOOKUP("FETUCCINI A LA H.C/ MILANESA",J:K,2,FALSE),"0")+IFERROR(VLOOKUP("MILANESA DE POLLO A LO POBRE",J:K,2,FALSE),"0")+IFERROR(VLOOKUP("RISOTTO PESTO C/MILANESA",J:K,2,FALSE),0)+IFERROR(VLOOKUP("TACU TACU C/ MILANESA",J:K,2,FALSE),0)+IFERROR(VLOOKUP("RISOTTO A LA H. C/MILANESA DE POLLO",J:K,2,FALSE),0) -> 0 | H28: =D28-E28-F28-G28 -> 5 | J28: ALBONDIGA CON ARROZ | K28: 1
A29: BISTEC CARTA | B29: ='23.09.25'!H29 -> 5 | C29: 5 | D29: =B29+C29 -> 10 | E29: =IFERROR(VLOOKUP("TACU TACU C/ BISTEC A LO POBRE",J:K,2,FALSE),0)+IFERROR(VLOOKUP("BISTEC DE LOMO FINO A LO POBRE",J:K,2,FALSE),0)+IFERROR(VLOOKUP("FETUCCINI AL P.C/ BISTEC DE LOMO 250 G",J:K,2,FALSE),"0")+IFERROR(VLOOKUP("FETUCCINI A LO ALFR.C/ BISTEC DE LOMO 250 G",J:K,2,FALSE),"0")+IFERROR(VLOOKUP("FETUCCINI A LA H.C/ BISTEC DE LOMO 250 G",J:K,2,FALSE),"0")+IFERROR(VLOOKUP("FETUCCINI AL P.C/ BISTEC DE LOMO APANADO",J:K,2,FALSE),"0")+IFERROR(VLOOKUP("FETUCCINI A LO ALFR.C/ BISTEC DE LOMO APANADO",J:K,2,FALSE),"0")+IFERROR(VLOOKUP("FETUCCINI A LA H.C/ BISTEC DE LOMO APANADO",J:K,2,FALSE),"0")+IFERROR(VLOOKUP("RISOTTO A LA H. BISTEC DE LOMO 250 G",J:K,2,FALSE),0)+IFERROR(VLOOKUP("RISOTTO PESTO C/BISTEC DE LOMO 250 G",J:K,2,FALSE),0)+IFERROR(VLOOKUP("BISTEC DE LOMO FINO A LA PLANCHA",J:K,2,FALSE),0)+IFERROR(VLOOKUP("LOMO A LAS 3 PIMIENTAS",J:K,2,FALSE),0)+IFERROR(VLOOKUP("LOMO FINO EN SALSA D CHAMPIÑONES",J:K,2,FALSE),0)+IFERROR(VLOOKUP("BISTEC DE LOMO FINO APANADO",J:K,2,FALSE),0)+IFERROR(VLOOKUP("TACU TACU C/LOMO FINO EN SALSA DE LANGOSTINOS",J:K,2,FALSE),0) -> 6 | H29: =D29-E29-F29-G29 -> 4 | J29: PALTA A LA REINA | K29: 1
A30: CHICHARRON DE POLLO | B30: ='23.09.25'!H30 -> 0 | C30: 1 | D30: =B30+C30 -> 1 | E30: =IFERROR(VLOOKUP("CHICHARRON DE POLLO C/ PAPAS FRITAS",J:K,2,FALSE),0)+IFERROR(VLOOKUP("1/2 PORC. CHICHARRON DE POLLO",J:K,2,FALSE),0) -> 1 | H30: =D30-E30-F30-G30 -> 0 | J30: PAPA A LA HUANCAINA | K30: 4
A31: PESCADOS Y MARISCOS | D31: =B31+C31 -> 0 | H31: =D31-E31-F31-G31 -> 0 | J31: PAPA RELLENA | K31: 1
A32: LENGUADO | B32: ='23.09.25'!H32 -> 25 | C32: 10 | D32: =B32+C32 -> 35 | E32: =IFERROR(VLOOKUP("CEVICHE MIXTO DE MARISCOS",J:K,2,FALSE),0)+IFERROR(VLOOKUP("CEVICHE DE LENGUADO",J:K,2,FALSE),0)+IFERROR(VLOOKUP("LENGUADO A LA PLANCHA CON ARROZ",J:K,2,FALSE),0)+IFERROR(VLOOKUP("LENGUADO A LO MACHO CON YUCA",J:K,2,FALSE),0)+IFERROR(VLOOKUP("LENGUADO APANADA C/ARROZ Y FRIJOL",J:K,2,FALSE),0)+IFERROR(VLOOKUP("LENGUADO ESCABECHADO C/ARROZ Y CAMOTE",J:K,2,FALSE),0)+IFERROR(VLOOKUP("TACU TACU C/ LENGUADO EN SALSA DE LANGOSTINOS",J:K,2,FALSE),0)+IFERROR(VLOOKUP("TACU TACU C/LENGUADO EN SALSA DE MARISCOS",J:K,2,FALSE),0)+IFERROR(VLOOKUP("TIRADITO DE LENGUADO A LAS DOS CREMAS",J:K,2,FALSE),0)+IFERROR(VLOOKUP("TIRADITO DE LENGUADO O SIMILAR",J:K,2,FALSE),0)+IFERROR(VLOOKUP("CHICHARRON DE LENGUADO",J:K,2,FALSE),0)+IFERROR(VLOOKUP("JALEA DE LENGUADO O SIMILAR",J:K,2,FALSE),0)+IFERROR(VLOOKUP("LENGUADO O CORVINA FRITA C/ARROZ Y YUCA",J:K,FALSE),0)+IFERROR(VLOOKUP("LENGUADO O CORVINA FRITA EN S/MARISCOS",J:K,2,FALSE),0)+IFERROR(VLOOKUP("LENGUADO O SIMILAR AL AJO C/ARROZ",J:K,2,FALSE),0)+IFERROR(VLOOKUP("LENGUADO A LA MEUNIERE",J:K,2,FALSE),0)+IFERROR(VLOOKUP("TACU TACU C/ LENGUADO A LO MACHO",J:K,2,FALSE),0)+IFERROR(VLOOKUP("CHICHARRON MIXTO DE MARISCOS",J:K,2,FALSE),0)+IFERROR(VLOOKUP("FUENTE DE CEVICHE DE CORVINA O LENGUADO",J:K,2,FALSE)*2,0)+IFERROR(VLOOKUP("CAUSA DE LA CASA ",J:K,2,FALSE),0)+IFERROR(VLOOKUP("TACU TACU C/ LENGUDO EN SALSA DE LANGOSTINOS",J:K,2,FALSE),0) -> 7 | H32: =D32-E32-F32-G32 -> 28 | J32: PATITA EN FIAMBRE | K32: 2.5
A33: CORVINA | B33: ='23.09.25'!H33 -> 4 | D33: =B33+C33 -> 4 | E33: =IFERROR(VLOOKUP("CORVINA SUDADA",J:K,2,FALSE),0)+IFERROR(VLOOKUP("CHUPE DE CORVINA",J:K,2,FALSE),0) -> 0 | H33: =D33-E33-F33-G33 -> 4 | J33: PATO ESTOFADO C/ARROZ Y FRIJOL | K33: 4
A34: PULPO | B34: ='23.09.25'!H34 -> 8 | D34: =B34+C34 -> 8 | E34: =IFERROR(VLOOKUP("PULPO ANTICUCHERO 250G",J:K,2,FALSE),0)+IFERROR(VLOOKUP("PULPO AL OLIVO 200G",J:K,2,FALSE),0)+IFERROR(VLOOKUP("CEVICHE DE PULPO",J:K,2,FALSE),0)+IFERROR(VLOOKUP("CAUSA DE PULPO AL OLIVO",J:K,2,FALSE),0)+IFERROR(VLOOKUP("CEVICHE DE PULPO",J:K,2,FALSE)*2,0)+IFERROR(VLOOKUP("TRES CAUSAS UNA PARRILLA",J:K,2,FALSE)/2,0) -> 3 | G34: 1 | H34: =D34-E34-F34-G34 -> 4 | I34: SE ENVIO A SAN ANDRES | J34: PATO ESTOFADO DESHUESADO | K34: 1
A35: CAMARON | B35: ='23.09.25'!H35 -> 0 | D35: =B35+C35 -> 0 | E35: =IFERROR(VLOOKUP("CHUPE DE CAMARORES",J:K,2,FALSE),0)+IFERROR(VLOOKUP("CAMARONES AL AJO",J:K,2,FALSE),0)+IFERROR(VLOOKUP("CEVICHE DE CAMARONES",J:K,2,FALSE),0)+IFERROR(VLOOKUP("ARROZ CON CAMARONES",J:K,2,FALSE),0)+IFERROR(VLOOKUP("CAUSA DE CAMARONES",J:K,2,FALSE),0) -> 0 | H35: =D35-E35-F35-G35 -> 0 | J35: PEPIAN DE PAVO | K35: 2
A36: MIXTURA | B36: ='23.09.25'!H36 -> 22 | D36: =B36+C36 -> 22 | E36: =IFERROR(VLOOKUP("PIQUEO FRUTOS DEL MAR",J:K,2,FALSE)*2,0)+IFERROR(VLOOKUP("CEVICHE MIXTO DE MARISCOS",J:K,2,FALSE),0)+IFERROR(VLOOKUP("ARROZ C/MARISCOS",J:K,2,FALSE),0)+IFERROR(VLOOKUP("TORTILLA DE MARISCOS C/ ARROZ",J:K,2,FALSE),0)+IFERROR(VLOOKUP("CHAUFA DE MARISCOS",J:K,2,FALSE),0)+IFERROR(VLOOKUP("PARIHUELA DE MARISCOS",J:K,2,FALSE),0)+IFERROR(VLOOKUP("PICANTE DE MARISCOS",J:K,2,FALSE),0)+IFERROR(VLOOKUP("TACU TACU EN SALSA DE MARISCOS",J:K,2,FALSE),0)+IFERROR(VLOOKUP("TRÍO DE CAUSAS",J:K,2,FALSE),0)+IFERROR(VLOOKUP("CHICHARRON MIXTO DE MARISCOS",J:K,2,FALSE),0)+IFERROR(VLOOKUP("LENGUADO O CORVINA FRITA EN S/MARISCOS",J:K,2,FALSE),0)+IFERROR(VLOOKUP("TACU TACU C/LENGUADO EN SALSA DE MARISCOS",J:K,2,FALSE),0)+IFERROR(VLOOKUP("RISOTTO FRUTOS DEL MAR",J:K,2,FALSE),0)+IFERROR(VLOOKUP("TRES CAUSAS UNA PARRILLA",J:K,2,FALSE)/2,0) -> 3 | G36: 3 | H36: =D36-$E$36-F36-G36 -> 16 | I36: SE UTIZO MAS POR UN RECLAMO DEL CLIENTE | J36: PORCION DE ARROZ | K36: 1
A37: TOLLO | B37: ='23.09.25'!H37 -> 7 | C37: 2 | D37: =B37+C37 -> 9 | E37: =IFERROR(VLOOKUP("PIQUEO FRUTOS DEL MAR",J:K,2,FALSE)*2,0)+IFERROR(VLOOKUP("CHICHARRON PESCA DEL DIA",J:K,2,FALSE),0)+IFERROR(VLOOKUP("CEVICHE PESCA DEL DIA",J:K,2,FALSE),0)+IFERROR(VLOOKUP("LECHE DE TIGRE",J:K,2,FALSE),0)+IFERROR(VLOOKUP("1/2 LECHE DE TIGRE",J:K,2,FALSE)/2,0)+IFERROR(VLOOKUP("TRILOGIA DE LECHES DE TIGRE ",J:K,2,FALSE),0)+IFERROR(VLOOKUP("CAUSA EN SALSA ACEVICHADA ",J:K,2,FALSE),0)+IFERROR(VLOOKUP("CAUSA DE LA CASA",J:K,2,FALSE),0) -> 2 | H37: =D37-$E$36-F37-G37 -> 6 | J37: PULPO ANTICUCHERO 250G | K37: 1
A38: LANGOSTINO | B38: ='23.09.25'!H38 -> 12 | C38: 20 | D38: =B38+C38 -> 32 | E38: =IFERROR(VLOOKUP("LANGOSTINO THAI",J:K,2,FALSE),0)+IFERROR(VLOOKUP("LANGOSTINOS CROCANTES CON PALTA BRACEADA",J:K,2,FALSE),0)+IFERROR(VLOOKUP("ARROZ C/LANGOSTINOS",J:K,2,FALSE),0)+IFERROR(VLOOKUP("SALTADO MAR Y TIERRA",J:K,2,FALSE)/2,0)+IFERROR(VLOOKUP("CAUSA DE LANGOSTINOS",J:K,2,FALSE),0)+IFERROR(VLOOKUP("TACU TACU C/ LENGUADO EN SALSA DE LANGOSTINOS",J:K,2,FALSE),0)+IFERROR(VLOOKUP("TACU TACU C/LOMO FINO EN SALSA DE LANGOSTINOS",J:K,2,FALSE),0) -> 0 | H38: =D38-$E$36-F38-G38 -> 29 | J38: SANCOCHADO 450g. | K38: 4
H39: =D39-E39-F39-G39 -> 0 | J39: SANGRECITA C/YUCA | K39: 8
B40: ='23.09.25'!H40 | H40: =D40-E40-F40-G40 -> 0 | J40: LENGUADO A LO MACHO CON YUCA | K40: 1
B41: ='23.09.25'!H41 | H41: =D41-E41-F41-G41 -> 0 | J41: LOMO SALTADO C/ARROZ | K41: 1
B42: ='23.09.25'!H42 | H42: =D42-E42-F42-G42 -> 0 | J42: PIQUEO DOÑA FRESIA | K42: 1
B43: ='23.09.25'!H43 | H43: =D43-$E$35-F43-G43 -> 0 | J43: TACU TACU C/ CABRITO DESHUESADO | K43: 1
B44: ='23.09.25'!H44 | H44: =D44-$E$35-F44-G44 -> 0 | J44: TACU TACU C/LENGUADO EN SALSA DE MARISCOS | K44: 1
B45: ='23.09.25'!H45 | H45: =D45-$E$35-F45-G45 -> 0

Sheet 25.09.25
A1: KARDEX COCINA - FECHA 25.09.25
A2: ENTRADAS | B2: SALDO INICIAL | C2: INGRESOS | D2: TOTAL | E2: VENTA | F2: MENU | G2: MERMA/ VARIOS | H2: SALDO FINAL | I2: OBSERVACION
A3: TAMALES | B3: ='24.09.25'!H3 -> 5 | D3: =B3+C3 -> 5 | E3: =IFERROR(VLOOKUP("TAMAL DE LA CASA CON ZARZA CRIOLLA",J:K,2,FALSE),"0") -> 1 | G3: 1 | H3: =D3-E3-F3-G3 -> 3 | I3: MUY AGUADO | J3: AJI DE GALLINA | K3: 2
A4: HUMITAS | B4: ='24.09.25'!H4 -> 0 | D4: =B4+C4 -> 0 | E4: =IFERROR(VLOOKUP("HUMITA DOÑA FRESIA C/AJI DE GALLINA",J:K,2,FALSE),"0") -> 0 | H4: =D4-E4-F4-G4 -> 0 | J4: ALBONDIGA CON ARROZ | K4: 4
A5: PAPA RELLENA | B5: ='24.09.25'!H5 -> 4 | D5: =B5+C5 -> 4 | E5: =IFERROR(VLOOKUP(A$5,J:K,2,FALSE),0)+IFERROR(VLOOKUP("PIQUEO PERUANISIMO",J:K,2,FALSE),0) -> 3 | H5: =D5-E5-F5-G5 -> 1 | J5: ARROZ C/PATO | K5: 7
A6: SANGRECITA | B6: ='24.09.25'!H6 -> 2 | C6: 14 | D6: =B6+C6 -> 16 | E6: =IFERROR(VLOOKUP("SANGRECITA C/YUCA",J:K,2,FALSE),"0") -> 8 | H6: =D6-E6-F6-G6 -> 8 | J6: ARROZ C/PATO DESHUESADO | K6: 1
A7: AJI DE GALLINA | B7: ='24.09.25'!H7 -> 7 | C7: 4 | D7: =B7+C7 -> 11 | E7: =IFERROR(VLOOKUP("HUMITA DOÑA FRESIA C/AJI DE GALLINA", J:K,2, FALSE)/2, 0) + IFERROR(VLOOKUP("AJI DE GALLINA",J:K,2, FALSE), 0) -> 2 | H7: =D7-E7-F7-G7 -> 9 | J7: ASADO DE RES CON ARROZ Y PURE | K7: 1
A8: MOLLEJITA | B8: ='24.09.25'!H8 -> 2.5 | C8: 0.5 | D8: =B8+C8 -> 3 | E8: =IFERROR(VLOOKUP("MOLLEJITAS GUISADAS",J:K,2,FALSE),"0")+IFERROR(VLOOKUP("PIQUEO DOÑA FRESIA",J:K,2,FALSE),0) -> 2 | H8: =D8-E8-F8-G8 -> 1 | J8: BISTEC DE LOMO FINO A LO POBRE | K8: 2
A9: PATITA | B9: ='24.09.25'!H9 -> 2 | C9: 10 | D9: =B9+C9 -> 12 | E9: =IFERROR(VLOOKUP("1/2 PATITA EN FIAMBRE",J:K,2, FALSE)/2, 0) + IFERROR(VLOOKUP("PATITA EN FIAMBRE",J:K, 2, FALSE), 0) -> 2 | H9: =D9-E9-F9-G9 -> 10 | J9: CABRITO C/ARROZ FRIJOL Y YUCA | K9: 8
A10: CECINA | B10: ='24.09.25'!H10 -> 3.5 | D10: =B10+C10 -> 3.5 | E10: =IFERROR(VLOOKUP("CECINAS DE LOMO C/YUCA",J:K,2,FALSE),"0")+IFERROR(VLOOKUP("PIQUEO DOÑA FRESIA",J:K,2,FALSE)/2,0) -> 1.5 | H10: =D10-E10-F10-G10 -> 2 | J10: CABRITO DESHUESADO | K10: 15
A11: ADOBO | B11: ='24.09.25'!H11 -> 4 | D11: =B11+C11 -> 4 | E11: =IFERROR(VLOOKUP("CARNE DE CERDO ADOBADA",J:K,2,FALSE),0) -> 0 | H11: =D11-E11-F11-G11 -> 4 | J11: CAUSA DE LOMO FINO SALTADO | K11: 1
A12: SANCOCHADO | B12: ='24.09.25'!H12 -> 0 | C12: 4 | D12: =B12+C12 -> 4 | E12: =IFERROR(VLOOKUP("SANCOCHADO 450g.",J:K,2,FALSE),0) -> 2 | H12: =D12-E12-F12-G12 -> 2 | J12: CECINAS DE LOMO C/YUCA | K12: 1
A13: SHAMBAR | B13: ='24.09.25'!H13 -> 3 | D13: =B13+C13 -> 3 | E13: =IFERROR(VLOOKUP(A13,J:K,2,FALSE),0) -> 0 | H13: =D13-E13-F13-G13 -> 3 | J13: CEVICHE DE LENGUADO | K13: 6
A14: CALDO DE GALLINA | B14: ='24.09.25'!H14 -> 0 | D14: =B14+C14 -> 0 | E14: =IFERROR(VLOOKUP(A14,J:K,2,FALSE),0) -> 0 | H14: =D14-E14-F14-G14 -> 0 | J14: CHICHARRON DE LANGOSTINOS | K14: 1
A15: GUISOS | J15: CHICHARRON DE LENGUADO | K15: 1
A16: ASADO | B16: ='24.09.25'!H16 -> 12 | D16: =B16+C16 -> 12 | E16: =IFERROR(VLOOKUP("ASADO DE RES CON ARROZ Y PURE",J:K,2,FALSE),0)+IFERROR(VLOOKUP("FETUCCINI AL P.C/ ASADO DE RES",J:K,2,FALSE),"0")+IFERROR(VLOOKUP("FETUCCINI A LO ALFR.C/ ASADO DE RES",J:K,2,FALSE),"0")+IFERROR(VLOOKUP("FETUCCINI A LA H.C/ ASADO DE RES",J:K,2,FALSE),"0")+IFERROR(VLOOKUP("SANDWICH DE ASADO DE RES",J:K,2,FALSE),0)+IFERROR(VLOOKUP("RISOTTO A LA H. C/ASADO",J:K,2,FALSE),0)+IFERROR(VLOOKUP("RISOTTO AL PESTO C/ASADO",J:K,2,FALSE),0)+IFERROR(VLOOKUP("TACU TACU C/ ASADO DE RES",J:K,2,FALSE),0) -> 2 | H16: =D16-E16-F16-G16 -> 10 | J16: CHICHARRON DE POLLO C/ PAPAS FRITAS | K16: 1
A17: CUY | B17: ='24.09.25'!H17 -> 8 | D17: =B17+C17 -> 8 | E17: =IFERROR(VLOOKUP("AJIACO DE CUY(1/2 CUY) C/ARROZ",J:K,2,FALSE),"0") -> 1 | H17: =D17-E17-F17-G17 -> 7 | J17: CHUPE DE CORVINA | K17: 2
A18: ALBONDIGA | B18: ='24.09.25'!H18 -> 3 | C18: 3 | D18: =B18+C18 -> 6 | E18: =IFERROR(VLOOKUP("ALBONDIGA CON ARROZ",J:K,2,FALSE),"0") -> 4 | H18: =D18-E18-F18-G18 -> 2 | J18: CORVINA GUISADA C/E CHOCLO | K18: 7
A19: ARROZ C. PATO | B19: ='24.09.25'!H19 -> 1 | C19: 10 | D19: =B19+C19 -> 11 | E19: =IFERROR(VLOOKUP("ARROZ C/PATO DESHUESADO", J:K, 2, FALSE)*2, 0)+IFERROR(VLOOKUP("ARROZ C/PATO",J:K,2,FALSE),"0") -> 9 | G19: 2 | H19: =D19-E19-F19-G19 -> 0 | I19: PASA PARA EL PATO ESTOFADO | J19: ENSALADA CÉSAR | K19: 1
A20: CABRITO NORMAL | B20: ='24.09.25'!H20 -> 9 | C20: 59 | D20: =B20+C20 -> 68 | E20: =IFERROR(VLOOKUP("CABRITO C/ TACU TACU",J:K,2,FALSE),"0")+IFERROR(VLOOKUP("CABRITO C/ARROZ FRIJOL Y YUCA",J:K,2,FALSE),"0")+IFERROR(VLOOKUP("PRESA DE CABRITO",J:K,2,FALSE),"0")+IFERROR(VLOOKUP("CABRITO DESHUESADO",J:K,2,FALSE)*2,"0")+IFERROR(VLOOKUP("TACU TACU C/ CABRITO DESHUESADO",J:K,2,FALSE)*2,"0")+IFERROR(VLOOKUP("PIQUEO DOÑA FRESIA",J:K,2,FALSE)*2,"0") -> 50 | H20: =D20-E20-F20-G20 -> 18 | J20: FETUCCINI AL P.C/ ASADO DE RES | K20: 1
A21: CABRITO DESHUESADO | B21: ='24.09.25'!H21 | D21: =B21+C21 -> 0 | J21: FETUCCINI AL P.C/ MILANESA | K21: 1
A22: PATO ESTOFADO | B22: ='24.09.25'!H22 -> 21 | C22: 14 | D22: =B22+C22 -> 35 | E22: =IFERROR(VLOOKUP("PATO ESTOFADO C/ARROZ Y FRIJOL",J:K,2,FALSE),0)+IFERROR(VLOOKUP("PATO ESTOFADO DESHUESADO",J:K,2,FALSE)*2,0)+IFERROR(VLOOKUP("TACU TACU C/ PATO ESTOF. DESHUESADO",J:K,2,FALSE)*2,0)+IFERROR(VLOOKUP("PIQUEO DOÑA FRESIA",J:K,2,FALSE)*2,0)+IFERROR(VLOOKUP("PATO ESTOFADO CON TACU TACU",J:K,2,FALSE),0) -> 10 | H22: =D22-E22-F22-G22 -> 25 | J22: FILETE DE POLLO A LA PLANCHA | K22: 3
A23: PEPIAN | B23: ='24.09.25'!H23 -> 0 | D23: =B23+C23 -> 0 | E23: =IFERROR(VLOOKUP("PEPIAN DE PAVO",J:K,2,FALSE),"0")+IFERROR(VLOOKUP("PRESA DE PAVA",J:K,2,FALSE),0)+IFERROR(VLOOKUP("SANDWICH DE PAVO",J:K,2,FALSE),0) -> 0 | H23: =D23-E23-F23-G23 -> 0 | J23: HUEVO FRITO | K23: 2
A24: CORVINA GUISADA | B24: ='24.09.25'!H24 -> 1 | C24: 9 | D24: =B24+C24 -> 10 | E24: =IFERROR(VLOOKUP("CORVINA GUISADA C/E CHOCLO",J:K,2,FALSE),"0") -> 7 | H24: =D24-E24-F24-G24 -> 3 | J24: LOMO SALTADO C/ARROZ | K24: 5
A25: FRITURAS | J25: MOLLEJITAS GUISADAS | K25: 1
A26: LOMO SALTADO | B26: ='24.09.25'!H26 -> 6.5 | C26: 5 | D26: =B26+C26 -> 11.5 | E26: =IFERROR(VLOOKUP("LOMO SALTADO C/ARROZ",J:K,2,FALSE),0)+IFERROR(VLOOKUP("TACU TACU C/ LOMO SALTADO",J:K,2,FALSE),0)+IFERROR(VLOOKUP("LOMO SALTADO A LO POBRE",J:K,2,FALSE),0)++IFERROR(VLOOKUP("FETUCCINI AL P.C/ LOMO SALTADO",J:K,2,FALSE),"0")+IFERROR(VLOOKUP("FETUCCINI A LO ALFR.C/ LOMO SALTADO",J:K,2,FALSE),"0")+IFERROR(VLOOKUP("FETUCCINI A LA H.C/ LOMO SALTADO",J:K,2,FALSE),"0")+IFERROR(VLOOKUP("RISOTTO A LA H. C/ LOMO SALTADO",J:K,2,FALSE),0)+IFERROR(VLOOKUP("RISOTTO PESTO C/LOMO SALTADO",J:K,2,FALSE),0)+IFERROR(VLOOKUP("CAUSA DE LOMO FINO SALTADO",J:K,2,FALSE)/2,0)+IFERROR(VLOOKUP("LOMO SALTADO A NUESTRO ESTILO",J:K,2,FALSE),0)+IFERROR(VLOOKUP("SANDWICH DE LOMO FINO SALTADO",J:K,2,FALSE)/2,0)+IFERROR(VLOOKUP("LOMO SALTADO C/ ARROZ Y FRIJOL",J:K,2,FALSE),0)+IFERROR(VLOOKUP("SALTADO MAR Y TIERRA ",$J:$K,2,FALSE)/2,0)+IFERROR(VLOOKUP("LOMO EN NUESTRO ESTILO",$J:$K,2,FALSE),0) -> 6.5 | H26: =D26-E26-F26-G26 -> 5 | J26: PAPA A LA HUANCAINA | K26: 3
A27: FILETE DE POLLO CARTA | B27: ='24.09.25'!H27 -> 0 | C27: 5 | D27: =B27+C27 -> 5 | E27: =IFERROR(VLOOKUP("FILETE DE POLLO A LA PLANCHA",J:K,2,FALSE),"0")+IFERROR(VLOOKUP("FETUCCINI A LO ALFR.C/ FILETE DE POLLO",J:K,2,FALSE),"0")+IFERROR(VLOOKUP("FETUCCINI A LA H.C/ FILETE DE POLLO",J:K,2,FALSE),"0")+IFERROR(VLOOKUP("FETUCCINI AL P.C/ FILETE DE POLLO",J:K,2,FALSE),"0")+IFERROR(VLOOKUP("PIQUEO PERUANISIMO",J:K,2,FALSE)*2,0)+IFERROR(VLOOKUP("DIETA DE POLLO",J:K,2,FALSE),0)+IFERROR(VLOOKUP("RISOTTO PESTO C/FILETE DE POLLO",J:K,2,FALSE),0)+IFERROR(VLOOKUP("POLLO SALTADO C/ ARROZ Y PAPAS FRITAS",J:K,2,FALSE),0)+IFERROR(VLOOKUP("PRESA DE FILETE DE POLLO",J:K,2,FALSE),0)+IFERROR(VLOOKUP("SALTADO MAR Y TIERRA ",J:K,2,FALSE)/2,0)+IFERROR(VLOOKUP("CAUSA DE POLLO ",J:K,2,FALSE),0)+IFERROR(VLOOKUP("SANDWICH DE POLLO ",J:K,2,FALSE),0) -> 3 | H27: =D27-E27-F27-G27 -> 2 | J27: PAPA RELLENA | K27: 3
A28: MILANESA CARTA | B28: ='24.09.25'!H28 -> 5 | C28: 5 | D28: =B28+C28 -> 10 | E28: =IFERROR(VLOOKUP("MILANESA DE POLLO",J:K,2,FALSE),"0")+IFERROR(VLOOKUP("FETUCCINI AL P.C/ MILANESA",J:K,2,FALSE),"0")+IFERROR(VLOOKUP("FETUCCINI A LO ALFR.C/ MILANESA",J:K,2,FALSE),"0")+IFERROR(VLOOKUP("FETUCCINI A LA H.C/ MILANESA",J:K,2,FALSE),"0")+IFERROR(VLOOKUP("MILANESA DE POLLO A LO POBRE",J:K,2,FALSE),"0")+IFERROR(VLOOKUP("RISOTTO PESTO C/MILANESA",J:K,2,FALSE),0)+IFERROR(VLOOKUP("TACU TACU C/ MILANESA",J:K,2,FALSE),0)+IFERROR(VLOOKUP("RISOTTO A LA H. C/MILANESA DE POLLO",J:K,2,FALSE),0) -> 2 | G28: 1 | H28: =D28-E28-F28-G28 -> 7 | I28: SE PASO PARA CHICHARRON DE POLLO | J28: PARIHUELA DE MARISCOS | K28: 1
A29: BISTEC CARTA | B29: ='24.09.25'!H29 -> 4 | C29: 5 | D29: =B29+C29 -> 9 | E29: =IFERROR(VLOOKUP("TACU TACU C/ BISTEC A LO POBRE",J:K,2,FALSE),0)+IFERROR(VLOOKUP("BISTEC DE LOMO FINO A LO POBRE",J:K,2,FALSE),0)+IFERROR(VLOOKUP("FETUCCINI AL P.C/ BISTEC DE LOMO 250 G",J:K,2,FALSE),"0")+IFERROR(VLOOKUP("FETUCCINI A LO ALFR.C/ BISTEC DE LOMO 250 G",J:K,2,FALSE),"0")+IFERROR(VLOOKUP("FETUCCINI A LA H.C/ BISTEC DE LOMO 250 G",J:K,2,FALSE),"0")+IFERROR(VLOOKUP("FETUCCINI AL P.C/ BISTEC DE LOMO APANADO",J:K,2,FALSE),"0")+IFERROR(VLOOKUP("FETUCCINI A LO ALFR.C/ BISTEC DE LOMO APANADO",J:K,2,FALSE),"0")+IFERROR(VLOOKUP("FETUCCINI A LA H.C/ BISTEC DE LOMO APANADO",J:K,2,FALSE),"0")+IFERROR(VLOOKUP("RISOTTO A LA H. BISTEC DE LOMO 250 G",J:K,2,FALSE),0)+IFERROR(VLOOKUP("RISOTTO PESTO C/BISTEC DE LOMO 250 G",J:K,2,FALSE),0)+IFERROR(VLOOKUP("BISTEC DE LOMO FINO A LA PLANCHA",J:K,2,FALSE),0)+IFERROR(VLOOKUP("LOMO A LAS 3 PIMIENTAS",J:K,2,FALSE),0)+IFERROR(VLOOKUP("LOMO FINO EN SALSA D CHAMPIÑONES",J:K,2,FALSE),0)+IFERROR(VLOOKUP("BISTEC DE LOMO FINO APANADO",J:K,2,FALSE),0)+IFERROR(VLOOKUP("TACU TACU C/LOMO FINO EN SALSA DE LANGOSTINOS",J:K,2,FALSE),0) -> 4 | H29: =D29-E29-F29-G29 -> 5 | J29: PATITA EN FIAMBRE | K29: 2
A30: CHICHARRON DE POLLO | B30: ='24.09.25'!H30 -> 0 | C30: 1 | D30: =B30+C30 -> 1 | E30: =IFERROR(VLOOKUP("CHICHARRON DE POLLO C/ PAPAS FRITAS",J:K,2,FALSE),0)+IFERROR(VLOOKUP("1/2 PORC. CHICHARRON DE POLLO",J:K,2,FALSE),0) -> 1 | H30: =D30-E30-F30-G30 -> 0 | J30: PATO ESTOFADO C/ARROZ Y FRIJOL | K30: 4
A31: PESCADOS Y MARISCOS | D31: =B31+C31 -> 0 | H31: =D31-E31-F31-G31 -> 0 | J31: PIQUEO DOÑA FRESIA | K31: 1
A32: LENGUADO | B32: ='24.09.25'!H32 -> 28 | D32: =B32+C32 -> 28 | E32: =IFERROR(VLOOKUP("CEVICHE MIXTO DE MARISCOS",J:K,2,FALSE),0)+IFERROR(VLOOKUP("CEVICHE DE LENGUADO",J:K,2,FALSE),0)+IFERROR(VLOOKUP("LENGUADO A LA PLANCHA CON ARROZ",J:K,2,FALSE),0)+IFERROR(VLOOKUP("LENGUADO A LO MACHO CON YUCA",J:K,2,FALSE),0)+IFERROR(VLOOKUP("LENGUADO APANADA C/ARROZ Y FRIJOL",J:K,2,FALSE),0)+IFERROR(VLOOKUP("LENGUADO ESCABECHADO C/ARROZ Y CAMOTE",J:K,2,FALSE),0)+IFERROR(VLOOKUP("TACU TACU C/ LENGUADO EN SALSA DE LANGOSTINOS",J:K,2,FALSE),0)+IFERROR(VLOOKUP("TACU TACU C/LENGUADO EN SALSA DE MARISCOS",J:K,2,FALSE),0)+IFERROR(VLOOKUP("TIRADITO DE LENGUADO A LAS DOS CREMAS",J:K,2,FALSE),0)+IFERROR(VLOOKUP("TIRADITO DE LENGUADO O SIMILAR",J:K,2,FALSE),0)+IFERROR(VLOOKUP("CHICHARRON DE LENGUADO",J:K,2,FALSE),0)+IFERROR(VLOOKUP("JALEA DE LENGUADO O SIMILAR",J:K,2,FALSE),0)+IFERROR(VLOOKUP("LENGUADO O CORVINA FRITA C/ARROZ Y YUCA",J:K,FALSE),0)+IFERROR(VLOOKUP("LENGUADO O CORVINA FRITA EN S/MARISCOS",J:K,2,FALSE),0)+IFERROR(VLOOKUP("LENGUADO O SIMILAR AL AJO C/ARROZ",J:K,2,FALSE),0)+IFERROR(VLOOKUP("LENGUADO A LA MEUNIERE",J:K,2,FALSE),0)+IFERROR(VLOOKUP("TACU TACU C/ LENGUADO A LO MACHO",J:K,2,FALSE),0)+IFERROR(VLOOKUP("CHICHARRON MIXTO DE MARISCOS",J:K,2,FALSE),0)+IFERROR(VLOOKUP("FUENTE DE CEVICHE DE CORVINA O LENGUADO",J:K,2,FALSE)*2,0)+IFERROR(VLOOKUP("CAUSA DE LA CASA ",J:K,2,FALSE),0)+IFERROR(VLOOKUP("TACU TACU C/ LENGUDO EN SALSA DE LANGOSTINOS",J:K,2,FALSE),0) -> 9 | H32: =D32-E32-F32-G32 -> 19 | J32: PULPO AL OLIVO 200G | K32: 1
A33: CORVINA | B33: ='24.09.25'!H33 -> 4 | D33: =B33+C33 -> 4 | E33: =IFERROR(VLOOKUP("CORVINA SUDADA",J:K,2,FALSE),0)+IFERROR(VLOOKUP("CHUPE DE CORVINA",J:K,2,FALSE),0) -> 2 | H33: =D33-E33-F33-G33 -> 2 | J33: SANGRECITA C/YUCA | K33: 8
A34: PULPO | B34: ='24.09.25'!H34 -> 4 | D34: =B34+C34 -> 4 | E34: =IFERROR(VLOOKUP("PULPO ANTICUCHERO 250G",J:K,2,FALSE),0)+IFERROR(VLOOKUP("PULPO AL OLIVO 200G",J:K,2,FALSE),0)+IFERROR(VLOOKUP("CEVICHE DE PULPO",J:K,2,FALSE),0)+IFERROR(VLOOKUP("CAUSA DE PULPO AL OLIVO",J:K,2,FALSE),0)+IFERROR(VLOOKUP("CEVICHE DE PULPO",J:K,2,FALSE)*2,0)+IFERROR(VLOOKUP("TRES CAUSAS UNA PARRILLA",J:K,2,FALSE)/2,0) -> 2 | H34: =D34-E34-F34-G34 -> 2 | J34: TACU TACU C/ BISTEC A LO POBRE | K34: 1
A35: CAMARON | B35: ='24.09.25'!H35 -> 0 | D35: =B35+C35 -> 0 | E35: =IFERROR(VLOOKUP("CHUPE DE CAMARORES",J:K,2,FALSE),0)+IFERROR(VLOOKUP("CAMARONES AL AJO",J:K,2,FALSE),0)+IFERROR(VLOOKUP("CEVICHE DE CAMARONES",J:K,2,FALSE),0)+IFERROR(VLOOKUP("ARROZ CON CAMARONES",J:K,2,FALSE),0)+IFERROR(VLOOKUP("CAUSA DE CAMARONES",J:K,2,FALSE),0) -> 0 | H35: =D35-E35-F35-G35 -> 0 | J35: TACU TACU C/ CABRITO DESHUESADO | K35: 5
A36: MIXTURA | B36: ='24.09.25'!H36 -> 16 | D36: =B36+C36 -> 16 | E36: =IFERROR(VLOOKUP("PIQUEO FRUTOS DEL MAR",J:K,2,FALSE)*2,0)+IFERROR(VLOOKUP("CEVICHE MIXTO DE MARISCOS",J:K,2,FALSE),0)+IFERROR(VLOOKUP("ARROZ C/MARISCOS",J:K,2,FALSE),0)+IFERROR(VLOOKUP("TORTILLA DE MARISCOS C/ ARROZ",J:K,2,FALSE),0)+IFERROR(VLOOKUP("CHAUFA DE MARISCOS",J:K,2,FALSE),0)+IFERROR(VLOOKUP("PARIHUELA DE MARISCOS",J:K,2,FALSE),0)+IFERROR(VLOOKUP("PICANTE DE MARISCOS",J:K,2,FALSE),0)+IFERROR(VLOOKUP("TACU TACU EN SALSA DE MARISCOS",J:K,2,FALSE),0)+IFERROR(VLOOKUP("TRÍO DE CAUSAS",J:K,2,FALSE),0)+IFERROR(VLOOKUP("CHICHARRON MIXTO DE MARISCOS",J:K,2,FALSE),0)+IFERROR(VLOOKUP("LENGUADO O CORVINA FRITA EN S/MARISCOS",J:K,2,FALSE),0)+IFERROR(VLOOKUP("TACU TACU C/LENGUADO EN SALSA DE MARISCOS",J:K,2,FALSE),0)+IFERROR(VLOOKUP("RISOTTO FRUTOS DEL MAR",J:K,2,FALSE),0)+IFERROR(VLOOKUP("TRES CAUSAS UNA PARRILLA",J:K,2,FALSE)/2,0) -> 2 | H36: =D36-$E$36-F36-G36 -> 14 | J36: TAMAL DE LA CASA CON ZARZA CRIOLLA | K36: 1
A37: TOLLO | B37: ='24.09.25'!H37 -> 6 | D37: =B37+C37 -> 6 | E37: =IFERROR(VLOOKUP("PIQUEO FRUTOS DEL MAR",J:K,2,FALSE)*2,0)+IFERROR(VLOOKUP("CHICHARRON PESCA DEL DIA",J:K,2,FALSE),0)+IFERROR(VLOOKUP("CEVICHE PESCA DEL DIA",J:K,2,FALSE),0)+IFERROR(VLOOKUP("LECHE DE TIGRE",J:K,2,FALSE),0)+IFERROR(VLOOKUP("1/2 LECHE DE TIGRE",J:K,2,FALSE)/2,0)+IFERROR(VLOOKUP("TRILOGIA DE LECHES DE TIGRE ",J:K,2,FALSE),0)+IFERROR(VLOOKUP("CAUSA EN SALSA ACEVICHADA ",J:K,2,FALSE),0)+IFERROR(VLOOKUP("CAUSA DE LA CASA",J:K,2,FALSE),0) -> 0 | H37: =D37-$E$36-F37-G37 -> 4 | J37: TRIO DE CAUSAS | K37: 1
A38: LANGOSTINO | B38: ='24.09.25'!H38 -> 29 | D38: =B38+C38 -> 29 | E38: =IFERROR(VLOOKUP("LANGOSTINO THAI",J:K,2,FALSE),0)+IFERROR(VLOOKUP("LANGOSTINOS CROCANTES CON PALTA BRACEADA",J:K,2,FALSE),0)+IFERROR(VLOOKUP("ARROZ C/LANGOSTINOS",J:K,2,FALSE),0)+IFERROR(VLOOKUP("SALTADO MAR Y TIERRA",J:K,2,FALSE)/2,0)+IFERROR(VLOOKUP("CAUSA DE LANGOSTINOS",J:K,2,FALSE),0)+IFERROR(VLOOKUP("TACU TACU C/ LENGUADO EN SALSA DE LANGOSTINOS",J:K,2,FALSE),0)+IFERROR(VLOOKUP("TACU TACU C/LOMO FINO EN SALSA DE LANGOSTINOS",J:K,2,FALSE),0) -> 1 | H38: =D38-$E$36-F38-G38 -> 27 | J38: AJIACO DE CUY(1/2 CUY) C/ARROZ | K38: 1
J39: ARROZ C/MARISCOS | K39: 1
J40: LENGUADO A LA PLANCHA CON ARROZ | K40: 2
J41: MILANESA DE POLLO | K41: 1
J42: PAPA A LA HUANCAINA | K42: 2
J43: PATO ESTOFADO DESHUESADO | K43: 2
J44: PULPO ANTICUCHERO 250G | K44: 1
J45: RISOTTO A LA H. C/ LOMO SALTADO | K45: 1
J46: TACU TACU C/LOMO FINO EN SALSA DE LANGOSTINOS | K46: 1
J47: SANCOCHADO 450g. | K47: 2

Sheet 26.09.25
A1: KARDEX COCINA - FECHA 26.09.25
A2: ENTRADAS | B2: SALDO INICIAL | C2: INGRESOS | D2: TOTAL | E2: VENTA | F2: MENU | G2: MERMA/ VARIOS | H2: SALDO FINAL | I2: OBSERVACION
A3: TAMALES | B3: ='25.09.25'!H3 -> 3 | D3: =B3+C3 -> 3 | E3: =IFERROR(VLOOKUP("TAMAL DE LA CASA CON ZARZA CRIOLLA",J:K,2,FALSE),"0") -> 1 | H3: =D3-E3-F3-G3 -> 2 | J3: 1/2 PATITA EN FIAMBRE | K3: 2
A4: HUMITAS | B4: ='25.09.25'!H4 -> 0 | D4: =B4+C4 -> 0 | E4: =IFERROR(VLOOKUP("HUMITA DOÑA FRESIA C/AJI DE GALLINA",J:K,2,FALSE),"0") -> 0 | H4: =D4-E4-F4-G4 -> 0 | J4: AJI DE GALLINA | K4: 2
A5: PAPA RELLENA | B5: ='25.09.25'!H5 -> 1 | C5: 5 | D5: =B5+C5 -> 6 | E5: =IFERROR(VLOOKUP(A$5,J:K,2,FALSE),0)+IFERROR(VLOOKUP("PIQUEO PERUANISIMO",J:K,2,FALSE),0) -> 2 | H5: =D5-E5-F5-G5 -> 4 | J5: ALBONDIGA CON ARROZ | K5: 2
A6: SANGRECITA | B6: ='25.09.25'!H6 -> 8 | D6: =B6+C6 -> 8 | E6: =IFERROR(VLOOKUP("SANGRECITA C/YUCA",J:K,2,FALSE),"0") -> 4 | G6: 2 | H6: =D6-E6-F6-G6 -> 2 | I6: SE ENVIO A SAN ANDRES | J6: ARROZ C/PATO | K6: 2
A7: AJI DE GALLINA | B7: ='25.09.25'!H7 -> 9 | D7: =B7+C7 -> 9 | E7: =IFERROR(VLOOKUP("HUMITA DOÑA FRESIA C/AJI DE GALLINA", J:K,2, FALSE)/2, 0) + IFERROR(VLOOKUP("AJI DE GALLINA",J:K,2, FALSE), 0) -> 2 | H7: =D7-E7-F7-G7 -> 7 | J7: ARROZ C/PATO DESHUESADO | K7: 1
A8: MOLLEJITA | B8: ='25.09.25'!H8 -> 1 | C8: 5 | D8: =B8+C8 -> 6 | E8: =IFERROR(VLOOKUP("MOLLEJITAS GUISADAS",J:K,2,FALSE),"0")+IFERROR(VLOOKUP("PIQUEO DOÑA FRESIA",J:K,2,FALSE),0) -> 3 | H8: =D8-E8-F8-G8 -> 3 | J8: ASADO DE RES CON ARROZ Y PURE | K8: 4
A9: PATITA | B9: ='25.09.25'!H9 -> 10 | D9: =B9+C9 -> 10 | E9: =IFERROR(VLOOKUP("1/2 PATITA EN FIAMBRE",J:K,2, FALSE)/2, 0) + IFERROR(VLOOKUP("PATITA EN FIAMBRE",J:K, 2, FALSE), 0) -> 3 | H9: =D9-E9-F9-G9 -> 7 | J9: BISTEC DE LOMO FINO A LO POBRE | K9: 1
A10: CECINA | B10: ='25.09.25'!H10 -> 2 | C10: 5 | D10: =B10+C10 -> 7 | E10: =IFERROR(VLOOKUP("CECINAS DE LOMO C/YUCA",J:K,2,FALSE),"0")+IFERROR(VLOOKUP("PIQUEO DOÑA FRESIA",J:K,2,FALSE)/2,0) -> 2.5 | H10: =D10-E10-F10-G10 -> 4.5 | J10: CABRITO C/ARROZ FRIJOL Y YUCA | K10: 4
A11: ADOBO | B11: ='25.09.25'!H11 -> 4 | D11: =B11+C11 -> 4 | E11: =IFERROR(VLOOKUP("CARNE DE CERDO ADOBADA",J:K,2,FALSE),0) -> 0 | H11: =D11-E11-F11-G11 -> 4 | J11: CABRITO DESHUESADO | K11: 7
A12: SANCOCHADO | B12: ='25.09.25'!H12 -> 2 | D12: =B12+C12 -> 2 | E12: =IFERROR(VLOOKUP("SANCOCHADO 450g.",J:K,2,FALSE),0) -> 0 | G12: 2 | H12: =D12-E12-F12-G12 -> 0 | I12: SE DIO PARA EL MENU | J12: CALDO DE GALLINA | K12: 2
A13: SHAMBAR | B13: ='25.09.25'!H13 -> 3 | D13: =B13+C13 -> 3 | E13: =IFERROR(VLOOKUP(A13,J:K,2,FALSE),0) -> 0 | H13: =D13-E13-F13-G13 -> 3 | J13: CAUSA DE LA CASA | K13: 1
A14: CALDO DE GALLINA | B14: ='25.09.25'!H14 -> 0 | C14: 4 | D14: =B14+C14 -> 4 | E14: =IFERROR(VLOOKUP(A14,J:K,2,FALSE),0) -> 2 | H14: =D14-E14-F14-G14 -> 2 | J14: CAUSA EN SALSA ACEVICHADA | K14: 1
A15: GUISOS | J15: CECINAS DE LOMO C/YUCA | K15: 2
A16: ASADO | B16: ='25.09.25'!H16 -> 10 | C16: 10 | D16: =B16+C16 -> 20 | E16: =IFERROR(VLOOKUP("ASADO DE RES CON ARROZ Y PURE",J:K,2,FALSE),0)+IFERROR(VLOOKUP("FETUCCINI AL P.C/ ASADO DE RES",J:K,2,FALSE),"0")+IFERROR(VLOOKUP("FETUCCINI A LO ALFR.C/ ASADO DE RES",J:K,2,FALSE),"0")+IFERROR(VLOOKUP("FETUCCINI A LA H.C/ ASADO DE RES",J:K,2,FALSE),"0")+IFERROR(VLOOKUP("SANDWICH DE ASADO DE RES",J:K,2,FALSE),0)+IFERROR(VLOOKUP("RISOTTO A LA H. C/ASADO",J:K,2,FALSE),0)+IFERROR(VLOOKUP("RISOTTO AL PESTO C/ASADO",J:K,2,FALSE),0)+IFERROR(VLOOKUP("TACU TACU C/ ASADO DE RES",J:K,2,FALSE),0) -> 4 | H16: =D16-E16-F16-G16 -> 16 | J16: CEVICHE DE LENGUADO | K16: 5
A17: CUY | B17: ='25.09.25'!H17 -> 7 | C17: 1 | D17: =B17+C17 -> 8 | E17: =IFERROR(VLOOKUP("AJIACO DE CUY(1/2 CUY) C/ARROZ",J:K,2,FALSE),"0") -> 1 | H17: =D17-E17-F17-G17 -> 7 | J17: CHILCANO DE LENGUADO | K17: 1
A18: ALBONDIGA | B18: ='25.09.25'!H18 -> 2 | C18: 4 | D18: =B18+C18 -> 6 | E18: =IFERROR(VLOOKUP("ALBONDIGA CON ARROZ",J:K,2,FALSE),"0") -> 2 | H18: =D18-E18-F18-G18 -> 4 | J18: CHUPE DE CORVINA | K18: 1
A19: ARROZ C. PATO | B19: ='25.09.25'!H19 -> 0 | C19: 10 | D19: =B19+C19 -> 10 | E19: =IFERROR(VLOOKUP("ARROZ C/PATO DESHUESADO", J:K, 2, FALSE)*2, 0)+IFERROR(VLOOKUP("ARROZ C/PATO",J:K,2,FALSE),"0") -> 4 | H19: =D19-E19-F19-G19 -> 6 | I19: PASA PARA EL PATO ESTOFADO | J19: CORVINA GUISADA C/E CHOCLO | K19: 3
A20: CABRITO NORMAL | B20: ='25.09.25'!H20 -> 18 | C20: 50 | D20: =B20+C20 -> 68 | E20: =IFERROR(VLOOKUP("CABRITO C/ TACU TACU",J:K,2,FALSE),"0")+IFERROR(VLOOKUP("CABRITO C/ARROZ FRIJOL Y YUCA",J:K,2,FALSE),"0")+IFERROR(VLOOKUP("PRESA DE CABRITO",J:K,2,FALSE),"0")+IFERROR(VLOOKUP("CABRITO DESHUESADO",J:K,2,FALSE)*2,"0")+IFERROR(VLOOKUP("TACU TACU C/ CABRITO DESHUESADO",J:K,2,FALSE)*2,"0")+IFERROR(VLOOKUP("PIQUEO DOÑA FRESIA",J:K,2,FALSE)*2,"0") -> 24 | H20: =D20-E20-F20-G20 -> 44 | J20: CUB DE NIÑOS S/ 36 | K20: 18
A21: CABRITO DESHUESADO | B21: ='25.09.25'!H21 | D21: =B21+C21 -> 0 | J21: CUBIERTO CENA 47.50 | K21: 44
A22: PATO ESTOFADO | B22: ='25.09.25'!H22 -> 25 | C22: 10 | D22: =B22+C22 -> 35 | E22: =IFERROR(VLOOKUP("PATO ESTOFADO C/ARROZ Y FRIJOL",J:K,2,FALSE),0)+IFERROR(VLOOKUP("PATO ESTOFADO DESHUESADO",J:K,2,FALSE)*2,0)+IFERROR(VLOOKUP("TACU TACU C/ PATO ESTOF. DESHUESADO",J:K,2,FALSE)*2,0)+IFERROR(VLOOKUP("PIQUEO DOÑA FRESIA",J:K,2,FALSE)*2,0)+IFERROR(VLOOKUP("PATO ESTOFADO CON TACU TACU",J:K,2,FALSE),0) -> 6 | H22: =D22-E22-F22-G22 -> 29 | J22: DIETA DE POLLO | K22: 1
A23: PEPIAN | B23: ='25.09.25'!H23 -> 0 | C23: 5 | D23: =B23+C23 -> 5 | E23: =IFERROR(VLOOKUP("PEPIAN DE PAVO",J:K,2,FALSE),"0")+IFERROR(VLOOKUP("PRESA DE PAVA",J:K,2,FALSE),0)+IFERROR(VLOOKUP("SANDWICH DE PAVO",J:K,2,FALSE),0) -> 1 | H23: =D23-E23-F23-G23 -> 4 | J23: ENSALADA MIXTA PERSONAL | K23: 1
A24: CORVINA GUISADA | B24: ='25.09.25'!H24 -> 3 | C24: 2 | D24: =B24+C24 -> 5 | E24: =IFERROR(VLOOKUP("CORVINA GUISADA C/E CHOCLO",J:K,2,FALSE),"0") -> 3 | G24: 2 | H24: =D24-E24-F24-G24 -> 0 | I24: SE ENVIO A SAN ANDRES | J24: FETUCCINI AL P.C/ BISTEC DE LOMO 250 G | K24: 1
A25: FRITURAS | J25: FETUCCINI AL P.C/ MILANESA | K25: 4
A26: LOMO SALTADO | B26: ='25.09.25'!H26 -> 5 | C26: 5 | D26: =B26+C26 -> 10 | E26: =IFERROR(VLOOKUP("LOMO SALTADO C/ARROZ",J:K,2,FALSE),0)+IFERROR(VLOOKUP("TACU TACU C/ LOMO SALTADO",J:K,2,FALSE),0)+IFERROR(VLOOKUP("LOMO SALTADO A LO POBRE",J:K,2,FALSE),0)++IFERROR(VLOOKUP("FETUCCINI AL P.C/ LOMO SALTADO",J:K,2,FALSE),"0")+IFERROR(VLOOKUP("FETUCCINI A LO ALFR.C/ LOMO SALTADO",J:K,2,FALSE),"0")+IFERROR(VLOOKUP("FETUCCINI A LA H.C/ LOMO SALTADO",J:K,2,FALSE),"0")+IFERROR(VLOOKUP("RISOTTO A LA H. C/ LOMO SALTADO",J:K,2,FALSE),0)+IFERROR(VLOOKUP("RISOTTO PESTO C/LOMO SALTADO",J:K,2,FALSE),0)+IFERROR(VLOOKUP("CAUSA DE LOMO FINO SALTADO",J:K,2,FALSE)/2,0)+IFERROR(VLOOKUP("LOMO SALTADO A NUESTRO ESTILO",J:K,2,FALSE),0)+IFERROR(VLOOKUP("SANDWICH DE LOMO FINO SALTADO",J:K,2,FALSE)/2,0)+IFERROR(VLOOKUP("LOMO SALTADO C/ ARROZ Y FRIJOL",J:K,2,FALSE),0)+IFERROR(VLOOKUP("SALTADO MAR Y TIERRA ",$J:$K,2,FALSE)/2,0)+IFERROR(VLOOKUP("LOMO EN NUESTRO ESTILO",$J:$K,2,FALSE),0) -> 5 | H26: =D26-E26-F26-G26 -> 5 | J26: FILETE DE POLLO A LA PLANCHA | K26: 2
A27: FILETE DE POLLO CARTA | B27: ='25.09.25'!H27 -> 2 | C27: 5 | D27: =B27+C27 -> 7 | E27: =IFERROR(VLOOKUP("FILETE DE POLLO A LA PLANCHA",J:K,2,FALSE),"0")+IFERROR(VLOOKUP("FETUCCINI A LO ALFR.C/ FILETE DE POLLO",J:K,2,FALSE),"0")+IFERROR(VLOOKUP("FETUCCINI A LA H.C/ FILETE DE POLLO",J:K,2,FALSE),"0")+IFERROR(VLOOKUP("FETUCCINI AL P.C/ FILETE DE POLLO",J:K,2,FALSE),"0")+IFERROR(VLOOKUP("PIQUEO PERUANISIMO",J:K,2,FALSE)*2,0)+IFERROR(VLOOKUP("DIETA DE POLLO",J:K,2,FALSE),0)+IFERROR(VLOOKUP("RISOTTO PESTO C/FILETE DE POLLO",J:K,2,FALSE),0)+IFERROR(VLOOKUP("POLLO SALTADO C/ ARROZ Y PAPAS FRITAS",J:K,2,FALSE),0)+IFERROR(VLOOKUP("PRESA DE FILETE DE POLLO",J:K,2,FALSE),0)+IFERROR(VLOOKUP("SALTADO MAR Y TIERRA ",J:K,2,FALSE)/2,0)+IFERROR(VLOOKUP("CAUSA DE POLLO ",J:K,2,FALSE),0)+IFERROR(VLOOKUP("SANDWICH DE POLLO ",J:K,2,FALSE),0) -> 3 | H27: =D27-E27-F27-G27 -> 4 | J27: JALEA MIXTA(pescado y mariscos) | K27: 1
A28: MILANESA CARTA | B28: ='25.09.25'!H28 -> 7 | C28: 1 | D28: =B28+C28 -> 8 | E28: =IFERROR(VLOOKUP("MILANESA DE POLLO",J:K,2,FALSE),"0")+IFERROR(VLOOKUP("FETUCCINI AL P.C/ MILANESA",J:K,2,FALSE),"0")+IFERROR(VLOOKUP("FETUCCINI A LO ALFR.C/ MILANESA",J:K,2,FALSE),"0")+IFERROR(VLOOKUP("FETUCCINI A LA H.C/ MILANESA",J:K,2,FALSE),"0")+IFERROR(VLOOKUP("MILANESA DE POLLO A LO POBRE",J:K,2,FALSE),"0")+IFERROR(VLOOKUP("RISOTTO PESTO C/MILANESA",J:K,2,FALSE),0)+IFERROR(VLOOKUP("TACU TACU C/ MILANESA",J:K,2,FALSE),0)+IFERROR(VLOOKUP("RISOTTO A LA H. C/MILANESA DE POLLO",J:K,2,FALSE),0) -> 8 | H28: =D28-E28-F28-G28 -> 0 | J28: LECHE DE TIGRE | K28: 1
A29: BISTEC CARTA | B29: ='25.09.25'!H29 -> 5 | D29: =B29+C29 -> 5 | E29: =IFERROR(VLOOKUP("TACU TACU C/ BISTEC A LO POBRE",J:K,2,FALSE),0)+IFERROR(VLOOKUP("BISTEC DE LOMO FINO A LO POBRE",J:K,2,FALSE),0)+IFERROR(VLOOKUP("FETUCCINI AL P.C/ BISTEC DE LOMO 250 G",J:K,2,FALSE),"0")+IFERROR(VLOOKUP("FETUCCINI A LO ALFR.C/ BISTEC DE LOMO 250 G",J:K,2,FALSE),"0")+IFERROR(VLOOKUP("FETUCCINI A LA H.C/ BISTEC DE LOMO 250 G",J:K,2,FALSE),"0")+IFERROR(VLOOKUP("FETUCCINI AL P.C/ BISTEC DE LOMO APANADO",J:K,2,FALSE),"0")+IFERROR(VLOOKUP("FETUCCINI A LO ALFR.C/ BISTEC DE LOMO APANADO",J:K,2,FALSE),"0")+IFERROR(VLOOKUP("FETUCCINI A LA H.C/ BISTEC DE LOMO APANADO",J:K,2,FALSE),"0")+IFERROR(VLOOKUP("RISOTTO A LA H. BISTEC DE LOMO 250 G",J:K,2,FALSE),0)+IFERROR(VLOOKUP("RISOTTO PESTO C/BISTEC DE LOMO 250 G",J:K,2,FALSE),0)+IFERROR(VLOOKUP("BISTEC DE LOMO FINO A LA PLANCHA",J:K,2,FALSE),0)+IFERROR(VLOOKUP("LOMO A LAS 3 PIMIENTAS",J:K,2,FALSE),0)+IFERROR(VLOOKUP("LOMO FINO EN SALSA D CHAMPIÑONES",J:K,2,FALSE),0)+IFERROR(VLOOKUP("BISTEC DE LOMO FINO APANADO",J:K,2,FALSE),0)+IFERROR(VLOOKUP("TACU TACU C/LOMO FINO EN SALSA DE LANGOSTINOS",J:K,2,FALSE),0) -> 4 | H29: =D29-E29-F29-G29 -> 1 | J29: LENGUADO A LA PLANCHA CON ARROZ | K29: 7
A30: CHICHARRON DE POLLO | B30: ='25.09.25'!H30 -> 0 | D30: =B30+C30 -> 0 | E30: =IFERROR(VLOOKUP("CHICHARRON DE POLLO C/ PAPAS FRITAS",J:K,2,FALSE),0)+IFERROR(VLOOKUP("1/2 PORC. CHICHARRON DE POLLO",J:K,2,FALSE),0) -> 0 | H30: =D30-E30-F30-G30 -> 0 | J30: LENGUADO APANADO C/ARROZ Y FRIJOL | K30: 1
A31: PESCADOS Y MARISCOS | D31: =B31+C31 -> 0 | H31: =D31-E31-F31-G31 -> 0 | J31: LENGUADO O SIMILAR AL AJO C/ARROZ | K31: 2
A32: LENGUADO | B32: ='25.09.25'!H32 -> 19 | C32: 15 | D32: =B32+C32 -> 34 | E32: =IFERROR(VLOOKUP("CEVICHE MIXTO DE MARISCOS",J:K,2,FALSE),0)+IFERROR(VLOOKUP("CEVICHE DE LENGUADO",J:K,2,FALSE),0)+IFERROR(VLOOKUP("LENGUADO A LA PLANCHA CON ARROZ",J:K,2,FALSE),0)+IFERROR(VLOOKUP("LENGUADO A LO MACHO CON YUCA",J:K,2,FALSE),0)+IFERROR(VLOOKUP("LENGUADO APANADA C/ARROZ Y FRIJOL",J:K,2,FALSE),0)+IFERROR(VLOOKUP("LENGUADO ESCABECHADO C/ARROZ Y CAMOTE",J:K,2,FALSE),0)+IFERROR(VLOOKUP("TACU TACU C/ LENGUADO EN SALSA DE LANGOSTINOS",J:K,2,FALSE),0)+IFERROR(VLOOKUP("TACU TACU C/LENGUADO EN SALSA DE MARISCOS",J:K,2,FALSE),0)+IFERROR(VLOOKUP("TIRADITO DE LENGUADO A LAS DOS CREMAS",J:K,2,FALSE),0)+IFERROR(VLOOKUP("TIRADITO DE LENGUADO O SIMILAR",J:K,2,FALSE),0)+IFERROR(VLOOKUP("CHICHARRON DE LENGUADO",J:K,2,FALSE),0)+IFERROR(VLOOKUP("JALEA DE LENGUADO O SIMILAR",J:K,2,FALSE),0)+IFERROR(VLOOKUP("LENGUADO O CORVINA FRITA C/ARROZ Y YUCA",J:K,FALSE),0)+IFERROR(VLOOKUP("LENGUADO O CORVINA FRITA EN S/MARISCOS",J:K,2,FALSE),0)+IFERROR(VLOOKUP("LENGUADO O SIMILAR AL AJO C/ARROZ",J:K,2,FALSE),0)+IFERROR(VLOOKUP("LENGUADO A LA MEUNIERE",J:K,2,FALSE),0)+IFERROR(VLOOKUP("TACU TACU C/ LENGUADO A LO MACHO",J:K,2,FALSE),0)+IFERROR(VLOOKUP("CHICHARRON MIXTO DE MARISCOS",J:K,2,FALSE),0)+IFERROR(VLOOKUP("FUENTE DE CEVICHE DE CORVINA O LENGUADO",J:K,2,FALSE)*2,0)+IFERROR(VLOOKUP("CAUSA DE LA CASA ",J:K,2,FALSE),0)+IFERROR(VLOOKUP("TACU TACU C/ LENGUDO EN SALSA DE LANGOSTINOS",J:K,2,FALSE),0) -> 15 | H32: =D32-E32-F32-G32 -> 19 | J32: LOMO A LAS 3 PIMIENTAS | K32: 1
A33: CORVINA | B33: ='25.09.25'!H33 -> 2 | C33: 5 | D33: =B33+C33 -> 7 | E33: =IFERROR(VLOOKUP("CORVINA SUDADA",J:K,2,FALSE),0)+IFERROR(VLOOKUP("CHUPE DE CORVINA",J:K,2,FALSE),0) -> 3 | H33: =D33-E33-F33-G33 -> 4 | J33: LOMO FINO EN SALSA D CHAMPIÑONES | K33: 1
A34: PULPO | B34: ='25.09.25'!H34 -> 2 | C34: 1 | D34: =B34+C34 -> 3 | E34: =IFERROR(VLOOKUP("PULPO ANTICUCHERO 250G",J:K,2,FALSE),0)+IFERROR(VLOOKUP("PULPO AL OLIVO 200G",J:K,2,FALSE),0)+IFERROR(VLOOKUP("CEVICHE DE PULPO",J:K,2,FALSE),0)+IFERROR(VLOOKUP("CAUSA DE PULPO AL OLIVO",J:K,2,FALSE),0)+IFERROR(VLOOKUP("CEVICHE DE PULPO",J:K,2,FALSE)*2,0)+IFERROR(VLOOKUP("TRES CAUSAS UNA PARRILLA",J:K,2,FALSE)/2,0) -> 3 | H34: =D34-E34-F34-G34 -> 0 | J34: LOMO SALTADO A NUESTRO ESTILO | K34: 1
A35: CAMARON | B35: ='25.09.25'!H35 -> 0 | D35: =B35+C35 -> 0 | E35: =IFERROR(VLOOKUP("CHUPE DE CAMARORES",J:K,2,FALSE),0)+IFERROR(VLOOKUP("CAMARONES AL AJO",J:K,2,FALSE),0)+IFERROR(VLOOKUP("CEVICHE DE CAMARONES",J:K,2,FALSE),0)+IFERROR(VLOOKUP("ARROZ CON CAMARONES",J:K,2,FALSE),0)+IFERROR(VLOOKUP("CAUSA DE CAMARONES",J:K,2,FALSE),0) -> 0 | H35: =D35-E35-F35-G35 -> 0 | J35: LOMO SALTADO C/ARROZ | K35: 4
A36: MIXTURA | B36: ='25.09.25'!H36 -> 14 | D36: =B36+C36 -> 14 | E36: =IFERROR(VLOOKUP("PIQUEO FRUTOS DEL MAR",J:K,2,FALSE)*2,0)+IFERROR(VLOOKUP("CEVICHE MIXTO DE MARISCOS",J:K,2,FALSE),0)+IFERROR(VLOOKUP("ARROZ C/MARISCOS",J:K,2,FALSE),0)+IFERROR(VLOOKUP("TORTILLA DE MARISCOS C/ ARROZ",J:K,2,FALSE),0)+IFERROR(VLOOKUP("CHAUFA DE MARISCOS",J:K,2,FALSE),0)+IFERROR(VLOOKUP("PARIHUELA DE MARISCOS",J:K,2,FALSE),0)+IFERROR(VLOOKUP("PICANTE DE MARISCOS",J:K,2,FALSE),0)+IFERROR(VLOOKUP("TACU TACU EN SALSA DE MARISCOS",J:K,2,FALSE),0)+IFERROR(VLOOKUP("TRÍO DE CAUSAS",J:K,2,FALSE),0)+IFERROR(VLOOKUP("CHICHARRON MIXTO DE MARISCOS",J:K,2,FALSE),0)+IFERROR(VLOOKUP("LENGUADO O CORVINA FRITA EN S/MARISCOS",J:K,2,FALSE),0)+IFERROR(VLOOKUP("TACU TACU C/LENGUADO EN SALSA DE MARISCOS",J:K,2,FALSE),0)+IFERROR(VLOOKUP("RISOTTO FRUTOS DEL MAR",J:K,2,FALSE),0)+IFERROR(VLOOKUP("TRES CAUSAS UNA PARRILLA",J:K,2,FALSE)/2,0) -> 8 | H36: =D36-$E$36-F36-G36 -> 6 | J36: MILANESA DE POLLO | K36: 2
A37: TOLLO | B37: ='25.09.25'!H37 -> 4 | C37: 15 | D37: =B37+C37 -> 19 | E37: =IFERROR(VLOOKUP("PIQUEO FRUTOS DEL MAR",J:K,2,FALSE)*2,0)+IFERROR(VLOOKUP("CHICHARRON PESCA DEL DIA",J:K,2,FALSE),0)+IFERROR(VLOOKUP("CEVICHE PESCA DEL DIA",J:K,2,FALSE),0)+IFERROR(VLOOKUP("LECHE DE TIGRE",J:K,2,FALSE),0)+IFERROR(VLOOKUP("1/2 LECHE DE TIGRE",J:K,2,FALSE)/2,0)+IFERROR(VLOOKUP("TRILOGIA DE LECHES DE TIGRE ",J:K,2,FALSE),0)+IFERROR(VLOOKUP("CAUSA EN SALSA ACEVICHADA ",J:K,2,FALSE),0)+IFERROR(VLOOKUP("CAUSA DE LA CASA",J:K,2,FALSE),0) -> 4 | H37: =D37-$E$36-F37-G37 -> 11 | J37: MOLLEJITAS GUISADAS | K37: 2
A38: LANGOSTINO | B38: ='25.09.25'!H38 -> 27 | D38: =B38+C38 -> 27 | E38: =IFERROR(VLOOKUP("LANGOSTINO THAI",J:K,2,FALSE),0)+IFERROR(VLOOKUP("LANGOSTINOS CROCANTES CON PALTA BRACEADA",J:K,2,FALSE),0)+IFERROR(VLOOKUP("ARROZ C/LANGOSTINOS",J:K,2,FALSE),0)+IFERROR(VLOOKUP("SALTADO MAR Y TIERRA",J:K,2,FALSE)/2,0)+IFERROR(VLOOKUP("CAUSA DE LANGOSTINOS",J:K,2,FALSE),0)+IFERROR(VLOOKUP("TACU TACU C/ LENGUADO EN SALSA DE LANGOSTINOS",J:K,2,FALSE),0)+IFERROR(VLOOKUP("TACU TACU C/LOMO FINO EN SALSA DE LANGOSTINOS",J:K,2,FALSE),0) -> 0 | H38: =D38-$E$36-F38-G38 -> 19 | J38: AJIACO DE CUY(1/2 CUY) C/ARROZ | K38: 1
B39: ='25.09.25'!H39 | J39: ARROZ C/MARISCOS | K39: 1
B40: ='25.09.25'!H40 | J40: PAPA A LA HUANCAINA | K40: 3
J41: PAPA RELLENA | K41: 2
J42: PARIHUELA DE MARISCOS | K42: 4
J43: PATITA EN FIAMBRE | K43: 2
J44: PATO ESTOFADO C/ARROZ Y FRIJOL | K44: 4
J45: PICARONES C/ MIEL DE HIGO | K45: 5
J46: PIQUEO DOÑA FRESIA | K46: 1
J47: PIQUEO FRUTOS DEL MAR | K47: 1
J48: PORCION DE ARROZ | K48: 1
J49: PORCION DE YUCA SANCOCHADA | K49: 1
J50: PULPO AL OLIVO 200G | K50: 2
J51: RISOTTO A LA H. C/MILANESA DE POLLO | K51: 2
J52: SANGRECITA C/YUCA | K52: 4
... J61: PIQUEO FRUTOS DEL MAR | K61: 1

Sheet 27.09.25
A1: KARDEX COCINA - FECHA 27.09.25
A2: ENTRADAS | B2: SALDO INICIAL | C2: INGRESOS | D2: TOTAL | E2: VENTA | F2: MENU | G2: MERMA/ VARIOS | H2: SALDO FINAL | I2: OBSERVACION
A3: TAMALES | B3: ='26.09.25'!H3 -> 2 | D3: =B3+C3 -> 2 | E3: =IFERROR(VLOOKUP("TAMAL DE LA CASA CON ZARZA CRIOLLA",J:K,2,FALSE),"0") -> 0 | H3: =D3-E3-F3-G3 -> 2 | J3: 1/2 LECHE DE TIGRE | K3: 1
A4: HUMITAS | B4: ='26.09.25'!H4 -> 0 | C4: 10 | D4: =B4+C4 -> 10 | E4: =IFERROR(VLOOKUP("HUMITA DOÑA FRESIA C/AJI DE GALLINA",J:K,2,FALSE),"0") -> 2 | H4: =D4-E4-F4-G4 -> 8 | J4: AJI DE GALLINA | K4: 8
A5: PAPA RELLENA | B5: ='26.09.25'!H5 -> 4 | D5: =B5+C5 -> 4 | E5: =IFERROR(VLOOKUP(A$5,J:K,2,FALSE),0)+IFERROR(VLOOKUP("PIQUEO PERUANISIMO",J:K,2,FALSE),0) -> 1 | H5: =D5-E5-F5-G5 -> 3 | J5: AJIACO DE CUY(1/2 CUY) C/ARROZ | K5: 5
A6: SANGRECITA | B6: ='26.09.25'!H6 -> 2 | C6: 15 | D6: =B6+C6 -> 17 | E6: =IFERROR(VLOOKUP("SANGRECITA C/YUCA",J:K,2,FALSE),"0") -> 17 | H6: =D6-E6-F6-G6 -> 0 | J6: ALBONDIGA CON ARROZ | K6: 6
A7: AJI DE GALLINA | B7: ='26.09.25'!H7 -> 7 | C7: 4 | D7: =B7+C7 -> 11 | E7: =IFERROR(VLOOKUP("HUMITA DOÑA FRESIA C/AJI DE GALLINA", J:K,2, FALSE)/2, 0) + IFERROR(VLOOKUP("AJI DE GALLINA",J:K,2, FALSE), 0) -> 9 | H7: =D7-E7-F7-G7 -> 2 | J7: ARROZ C/MARISCOS | K7: 6
A8: MOLLEJITA | B8: ='26.09.25'!H8 -> 3 | C8: 1 | D8: =B8+C8 -> 4 | E8: =IFERROR(VLOOKUP("MOLLEJITAS GUISADAS",J:K,2,FALSE),"0")+IFERROR(VLOOKUP("PIQUEO DOÑA FRESIA",J:K,2,FALSE),0) -> 1 | H8: =D8-E8-F8-G8 -> 3 | J8: ARROZ C/PATO | K8: 4
A9: PATITA | B9: ='26.09.25'!H9 -> 7 | C9: 4 | D9: =B9+C9 -> 11 | E9: =IFERROR(VLOOKUP("1/2 PATITA EN FIAMBRE",J:K,2, FALSE)/2, 0) + IFERROR(VLOOKUP("PATITA EN FIAMBRE",J:K, 2, FALSE), 0) -> 3.5 | G9: 0.5 | H9: =D9-E9-F9-G9 -> 7 | I9: MERMA | J9: ARROZ C/PATO DESHUESADO | K9: 4
A10: CECINA | B10: ='26.09.25'!H10 -> 4.5 | C10: 5 | D10: =B10+C10 -> 9.5 | E10: =IFERROR(VLOOKUP("CECINAS DE LOMO C/YUCA",J:K,2,FALSE),"0")+IFERROR(VLOOKUP("PIQUEO DOÑA FRESIA",J:K,2,FALSE)/2,0) -> 3 | H10: =D10-E10-F10-G10 -> 6.5 | J10: ASADO DE RES CON ARROZ Y PURE | K10: 10
A11: ADOBO | B11: ='26.09.25'!H11 -> 4 | C11: 5 | D11: =B11+C11 -> 9 | E11: =IFERROR(VLOOKUP("CARNE DE CERDO ADOBADA",J:K,2,FALSE),0) -> 6 | H11: =D11-E11-F11-G11 -> 3 | J11: BISTEC DE LOMO FINO A LO POBRE | K11: 4
A12: SANCOCHADO | B12: ='26.09.25'!H12 -> 0 | D12: =B12+C12 -> 0 | E12: =IFERROR(VLOOKUP("SANCOCHADO 450g.",J:K,2,FALSE),0) -> 0 | H12: =D12-E12-F12-G12 -> 0 | J12: CABRITO C/ARROZ FRIJOL Y YUCA | K12: 11
A13: SHAMBAR | B13: ='26.09.25'!H13 -> 3 | D13: =B13+C13 -> 3 | E13: =IFERROR(VLOOKUP(A13,J:K,2,FALSE),0) -> 0 | H13: =D13-E13-F13-G13 -> 3 | J13: CABRITO DESHUESADO | K13: 16
A14: CALDO DE GALLINA | B14: ='26.09.25'!H14 -> 2 | C14: 4 | D14: =B14+C14 -> 6 | E14: =IFERROR(VLOOKUP(A14,J:K,2,FALSE),0) -> 2 | H14: =D14-E14-F14-G14 -> 4 | J14: CALDO DE GALLINA | K14: 2
A15: GUISOS | J15: CARNE DE CERDO ADOBADA | K15: 6
A16: ASADO | B16: ='26.09.25'!H16 -> 16 | C16: 20 | D16: =B16+C16 -> 36 | E16: =IFERROR(VLOOKUP("ASADO DE RES CON ARROZ Y PURE",J:K,2,FALSE),0)+IFERROR(VLOOKUP("FETUCCINI AL P.C/ ASADO DE RES",J:K,2,FALSE),"0")+IFERROR(VLOOKUP("FETUCCINI A LO ALFR.C/ ASADO DE RES",J:K,2,FALSE),"0")+IFERROR(VLOOKUP("FETUCCINI A LA H.C/ ASADO DE RES",J:K,2,FALSE),"0")+IFERROR(VLOOKUP("SANDWICH DE ASADO DE RES",J:K,2,FALSE),0)+IFERROR(VLOOKUP("RISOTTO A LA H. C/ASADO",J:K,2,FALSE),0)+IFERROR(VLOOKUP("RISOTTO AL PESTO C/ASADO",J:K,2,FALSE),0)+IFERROR(VLOOKUP("TACU TACU C/ ASADO DE RES",J:K,2,FALSE),0) -> 10 | H16: =D16-E16-F16-G16 -> 26 | J16: CAUSA DE LANGOSTINOS | K16: 1
A17: CUY | B17: ='26.09.25'!H17 -> 7 | C17: 3 | D17: =B17+C17 -> 10 | E17: =IFERROR(VLOOKUP("AJIACO DE CUY(1/2 CUY) C/ARROZ",J:K,2,FALSE),"0") -> 5 | H17: =D17-E17-F17-G17 -> 5 | I17: ME ENVIO SAN ANDRES 3 CUYES | J17: CAUSA DE POLLO | K17: 3
A18: ALBONDIGA | B18: ='26.09.25'!H18 -> 4 | C18: 4 | D18: =B18+C18 -> 8 | E18: =IFERROR(VLOOKUP("ALBONDIGA CON ARROZ",J:K,2,FALSE),"0") -> 6 | H18: =D18-E18-F18-G18 -> 2 | J18: CAUSA DE PULPO AL OLIVO | K18: 2
A19: ARROZ C. PATO | B19: ='26.09.25'!H19 -> 6 | C19: 10 | D19: =B19+C19 -> 16 | E19: =IFERROR(VLOOKUP("ARROZ C/PATO DESHUESADO", J:K, 2, FALSE)*2, 0)+IFERROR(VLOOKUP("ARROZ C/PATO",J:K,2,FALSE),"0") -> 12 | G19: 4 | H19: =D19-E19-F19-G19 -> 0 | I19: PASA PARA EL PATO ESTOFADO | J19: CECINAS DE LOMO C/YUCA | K19: 3
A20: CABRITO NORMAL | B20: ='26.09.25'!H20 -> 44 | C20: 45 | D20: =B20+C20 -> 89 | E20: =IFERROR(VLOOKUP("CABRITO C/ TACU TACU",J:K,2,FALSE),"0")+IFERROR(VLOOKUP("CABRITO C/ARROZ FRIJOL Y YUCA",J:K,2,FALSE),"0")+IFERROR(VLOOKUP("PRESA DE CABRITO",J:K,2,FALSE),"0")+IFERROR(VLOOKUP("CABRITO DESHUESADO",J:K,2,FALSE)*2,"0")+IFERROR(VLOOKUP("TACU TACU C/ CABRITO DESHUESADO",J:K,2,FALSE)*2,"0")+IFERROR(VLOOKUP("PIQUEO DOÑA FRESIA",J:K,2,FALSE)*2,"0") -> 47 | G20: 10 | H20: =D20-E20-F20-G20 -> 32 | I20: SE ENVIO A SAN ANDRES | J20: CEVICHE DE LENGUADO | K20: 15
A21: CABRITO DESHUESADO | B21: ='26.09.25'!H21 | D21: =B21+C21 -> 0 | J21: CEVICHE PESCA DEL DÌA | K21: 2
A22: PATO ESTOFADO | B22: ='26.09.25'!H22 -> 29 | C22: 14 | D22: =B22+C22 -> 43 | E22: =IFERROR(VLOOKUP("PATO ESTOFADO C/ARROZ Y FRIJOL",J:K,2,FALSE),0)+IFERROR(VLOOKUP("PATO ESTOFADO DESHUESADO",J:K,2,FALSE)*2,0)+IFERROR(VLOOKUP("TACU TACU C/ PATO ESTOF. DESHUESADO",J:K,2,FALSE)*2,0)+IFERROR(VLOOKUP("PIQUEO DOÑA FRESIA",J:K,2,FALSE)*2,0)+IFERROR(VLOOKUP("PATO ESTOFADO CON TACU TACU",J:K,2,FALSE),0) -> 35 | H22: =D22-E22-F22-G22 -> 8 | J22: CHICHARRON DE LENGUADO | K22: 3
A23: PEPIAN | B23: ='26.09.25'!H23 -> 4 | C23: 11 | D23: =B23+C23 -> 15 | E23: =IFERROR(VLOOKUP("PEPIAN DE PAVO",J:K,2,FALSE),"0")+IFERROR(VLOOKUP("PRESA DE PAVA",J:K,2,FALSE),0)+IFERROR(VLOOKUP("SANDWICH DE PAVO",J:K,2,FALSE),0) -> 5 | H23: =D23-E23-F23-G23 -> 10 | J23: CHUPE DE CORVINA | K23: 2
A24: CORVINA GUISADA | B24: ='26.09.25'!H24 -> 0 | C24: 5 | D24: =B24+C24 -> 5 | E24: =IFERROR(VLOOKUP("CORVINA GUISADA C/E CHOCLO",J:K,2,FALSE),"0") -> 3 | G24: 2 | H24: =D24-E24-F24-G24 -> 0 | I24: SE ENVIO A SAN ANDRES | J24: CORVINA GUISADA C/E CHOCLO | K24: 3
A25: FRITURAS | J25: CORVINA SUDADA | K25: 6
A26: LOMO SALTADO | B26: ='26.09.25'!H26 -> 5 | C26: 10 | D26: =B26+C26 -> 15 | E26: =IFERROR(VLOOKUP("LOMO SALTADO C/ARROZ",J:K,2,FALSE),0)+IFERROR(VLOOKUP("TACU TACU C/ LOMO SALTADO",J:K,2,FALSE),0)+IFERROR(VLOOKUP("LOMO SALTADO A LO POBRE",J:K,2,FALSE),0)++IFERROR(VLOOKUP("FETUCCINI AL P.C/ LOMO SALTADO",J:K,2,FALSE),"0")+IFERROR(VLOOKUP("FETUCCINI A LO ALFR.C/ LOMO SALTADO",J:K,2,FALSE),"0")+IFERROR(VLOOKUP("FETUCCINI A LA H.C/ LOMO SALTADO",J:K,2,FALSE),"0")+IFERROR(VLOOKUP("RISOTTO A LA H. C/ LOMO SALTADO",J:K,2,FALSE),0)+IFERROR(VLOOKUP("RISOTTO PESTO C/LOMO SALTADO",J:K,2,FALSE),0)+IFERROR(VLOOKUP("CAUSA DE LOMO FINO SALTADO",J:K,2,FALSE)/2,0)+IFERROR(VLOOKUP("LOMO SALTADO A NUESTRO ESTILO",J:K,2,FALSE),0)+IFERROR(VLOOKUP("SANDWICH DE LOMO FINO SALTADO",J:K,2,FALSE)/2,0)+IFERROR(VLOOKUP("LOMO SALTADO C/ ARROZ Y FRIJOL",J:K,2,FALSE),0)+IFERROR(VLOOKUP("SALTADO MAR Y TIERRA ",$J:$K,2,FALSE)/2,0)+IFERROR(VLOOKUP("LOMO EN NUESTRO ESTILO",$J:$K,2,FALSE),0) -> 13 | H26: =B26+C26-E26 -> 2 | J26: DIETA DE POLLO | K26: 1
A27: FILETE DE POLLO CARTA | B27: ='26.09.25'!H27 -> 4 | C27: 10 | D27: =B27+C27 -> 14 | E27: =IFERROR(VLOOKUP("FILETE DE POLLO A LA PLANCHA",J:K,2,FALSE),"0")+IFERROR(VLOOKUP("FETUCCINI A LO ALFR.C/ FILETE DE POLLO",J:K,2,FALSE),"0")+IFERROR(VLOOKUP("FETUCCINI A LA H.C/ FILETE DE POLLO",J:K,2,FALSE),"0")+IFERROR(VLOOKUP("FETUCCINI AL P.C/ FILETE DE POLLO",J:K,2,FALSE),"0")+IFERROR(VLOOKUP("PIQUEO PERUANISIMO",J:K,2,FALSE)*2,0)+IFERROR(VLOOKUP("DIETA DE POLLO",J:K,2,FALSE),0)+IFERROR(VLOOKUP("RISOTTO PESTO C/FILETE DE POLLO",J:K,2,FALSE),0)+IFERROR(VLOOKUP("POLLO SALTADO C/ ARROZ Y PAPAS FRITAS",J:K,2,FALSE),0)+IFERROR(VLOOKUP("PRESA DE FILETE DE POLLO",J:K,2,FALSE),0)+IFERROR(VLOOKUP("SALTADO MAR Y TIERRA ",J:K,2,FALSE)/2,0)+IFERROR(VLOOKUP("CAUSA DE POLLO ",J:K,2,FALSE),0)+IFERROR(VLOOKUP("SANDWICH DE POLLO ",J:K,2,FALSE),0) -> 6 | H27: =B27+C27-E27 -> 8 | J27: ENSALADA CÉSAR | K27: 2
A28: MILANESA CARTA | B28: ='26.09.25'!H28 -> 0 | C28: 20 | D28: =B28+C28 -> 20 | E28: =IFERROR(VLOOKUP("MILANESA DE POLLO",J:K,2,FALSE),"0")+IFERROR(VLOOKUP("FETUCCINI AL P.C/ MILANESA",J:K,2,FALSE),"0")+IFERROR(VLOOKUP("FETUCCINI A LO ALFR.C/ MILANESA",J:K,2,FALSE),"0")+IFERROR(VLOOKUP("FETUCCINI A LA H.C/ MILANESA",J:K,2,FALSE),"0")+IFERROR(VLOOKUP("MILANESA DE POLLO A LO POBRE",J:K,2,FALSE),"0")+IFERROR(VLOOKUP("RISOTTO PESTO C/MILANESA",J:K,2,FALSE),0)+IFERROR(VLOOKUP("TACU TACU C/ MILANESA",J:K,2,FALSE),0)+IFERROR(VLOOKUP("RISOTTO A LA H. C/MILANESA DE POLLO",J:K,2,FALSE),0) -> 12 | H28: =B28+C28-E28 -> 8 | J28: ENSALADA MIXTA PERSONAL | K28: 2
A29: BISTEC CARTA | B29: ='26.09.25'!H29 -> 1 | C29: 10 | D29: =B29+C29 -> 11 | E29: =IFERROR(VLOOKUP("TACU TACU C/ BISTEC A LO POBRE",J:K,2,FALSE),0)+IFERROR(VLOOKUP("BISTEC DE LOMO FINO A LO POBRE",J:K,2,FALSE),0)+IFERROR(VLOOKUP("FETUCCINI AL P.C/ BISTEC DE LOMO 250 G",J:K,2,FALSE),"0")+IFERROR(VLOOKUP("FETUCCINI A LO ALFR.C/ BISTEC DE LOMO 250 G",J:K,2,FALSE),"0")+IFERROR(VLOOKUP("FETUCCINI A LA H.C/ BISTEC DE LOMO 250 G",J:K,2,FALSE),"0")+IFERROR(VLOOKUP("FETUCCINI AL P.C/ BISTEC DE LOMO APANADO",J:K,2,FALSE),"0")+IFERROR(VLOOKUP("FETUCCINI A LO ALFR.C/ BISTEC DE LOMO APANADO",J:K,2,FALSE),"0")+IFERROR(VLOOKUP("FETUCCINI A LA H.C/ BISTEC DE LOMO APANADO",J:K,2,FALSE),"0")+IFERROR(VLOOKUP("RISOTTO A LA H. BISTEC DE LOMO 250 G",J:K,2,FALSE),0)+IFERROR(VLOOKUP("RISOTTO PESTO C/BISTEC DE LOMO 250 G",J:K,2,FALSE),0)+IFERROR(VLOOKUP("BISTEC DE LOMO FINO A LA PLANCHA",J:K,2,FALSE),0)+IFERROR(VLOOKUP("LOMO A LAS 3 PIMIENTAS",J:K,2,FALSE),0)+IFERROR(VLOOKUP("LOMO FINO EN SALSA D CHAMPIÑONES",J:K,2,FALSE),0)+IFERROR(VLOOKUP("BISTEC DE LOMO FINO APANADO",J:K,2,FALSE),0)+IFERROR(VLOOKUP("TACU TACU C/LOMO FINO EN SALSA DE LANGOSTINOS",J:K,2,FALSE),0) -> 11 | H29: =B29+C29-E29 -> 0 | J29: FETUCCINI A LA H.C/ BISTEC DE LOMO FINO | K29: 1
A30: CHICHARRON DE POLLO | B30: ='26.09.25'!H30 -> 0 | D30: =B30+C30 -> 0 | E30: =IFERROR(VLOOKUP("CHICHARRON DE POLLO C/ PAPAS FRITAS",J:K,2,FALSE),0)+IFERROR(VLOOKUP("1/2 PORC. CHICHARRON DE POLLO",J:K,2,FALSE),0) -> 0 | H30: =B30+C30-E30 -> 0 | J30: FETUCCINI A LA H.C/ MILANESA | K30: 1
A31: PESCADOS Y MARISCOS | D31: =B31+C31 -> 0 | J31: FETUCCINI AL P.C/ FILETE DE POLLO | K31: 2
A32: LENGUADO | B32: ='26.09.25'!H32 -> 19 | C32: 25 | D32: =B32+C32 -> 44 | E32: =IFERROR(VLOOKUP("CEVICHE MIXTO DE MARISCOS",J:K,2,FALSE),0)+IFERROR(VLOOKUP("CEVICHE DE LENGUADO",J:K,2,FALSE),0)+IFERROR(VLOOKUP("LENGUADO A LA PLANCHA CON ARROZ",J:K,2,FALSE),0)+IFERROR(VLOOKUP("LENGUADO A LO MACHO CON YUCA",J:K,2,FALSE),0)+IFERROR(VLOOKUP("LENGUADO APANADA C/ARROZ Y FRIJOL",J:K,2,FALSE),0)+IFERROR(VLOOKUP("LENGUADO ESCABECHADO C/ARROZ Y CAMOTE",J:K,2,FALSE),0)+IFERROR(VLOOKUP("TACU TACU C/ LENGUADO EN SALSA DE LANGOSTINOS",J:K,2,FALSE),0)+IFERROR(VLOOKUP("TACU TACU C/LENGUADO EN SALSA DE MARISCOS",J:K,2,FALSE),0)+IFERROR(VLOOKUP("TIRADITO DE LENGUADO A LAS DOS CREMAS",J:K,2,FALSE),0)+IFERROR(VLOOKUP("TIRADITO DE LENGUADO O SIMILAR",J:K,2,FALSE),0)+IFERROR(VLOOKUP("CHICHARRON DE LENGUADO",J:K,2,FALSE),0)+IFERROR(VLOOKUP("JALEA DE LENGUADO O SIMILAR",J:K,2,FALSE),0)+IFERROR(VLOOKUP("LENGUADO O CORVINA FRITA C/ARROZ Y YUCA",J:K,FALSE),0)+IFERROR(VLOOKUP("LENGUADO O CORVINA FRITA EN S/MARISCOS",J:K,2,FALSE),0)+IFERROR(VLOOKUP("LENGUADO O SIMILAR AL AJO C/ARROZ",J:K,2,FALSE),0)+IFERROR(VLOOKUP("LENGUADO A LA MEUNIERE",J:K,2,FALSE),0)+IFERROR(VLOOKUP("TACU TACU C/ LENGUADO A LO MACHO",J:K,2,FALSE),0)+IFERROR(VLOOKUP("CHICHARRON MIXTO DE MARISCOS",J:K,2,FALSE),0)+IFERROR(VLOOKUP("FUENTE DE CEVICHE DE CORVINA O LENGUADO",J:K,2,FALSE)*2,0)+IFERROR(VLOOKUP("CAUSA DE LA CASA ",J:K,2,FALSE),0)+IFERROR(VLOOKUP("TACU TACU C/ LENGUDO EN SALSA DE LANGOSTINOS",J:K,2,FALSE),0) -> 29 | H32: =B32+C32-E32 -> 15 | J32: FILETE DE POLLO A LA PLANCHA | K32: 3
A33: CORVINA | B33: ='26.09.25'!H33 -> 4 | C33: 5 | D33: =B33+C33 -> 9 | E33: =IFERROR(VLOOKUP("CORVINA SUDADA",J:K,2,FALSE),0)+IFERROR(VLOOKUP("CHUPE DE CORVINA",J:K,2,FALSE),0) -> 8 | G33: 1 | H33: =B33+C33-E33 -> 1 | I33: PASO A GUISOS | J33: HUMITA DOÑA FRESIA C/AJI DE GALLINA | K33: 2
A34: PULPO | B34: ='26.09.25'!H34 -> 0 | C34: 4 | D34: =B34+C34 -> 4 | E34: =IFERROR(VLOOKUP("PULPO ANTICUCHERO 250G",J:K,2,FALSE),0)+IFERROR(VLOOKUP("PULPO AL OLIVO 200G",J:K,2,FALSE),0)+IFERROR(VLOOKUP("CEVICHE DE PULPO",J:K,2,FALSE),0)+IFERROR(VLOOKUP("CAUSA DE PULPO AL OLIVO",J:K,2,FALSE),0)+IFERROR(VLOOKUP("CEVICHE DE PULPO",J:K,2,FALSE)*2,0)+IFERROR(VLOOKUP("TRES CAUSAS UNA PARRILLA",J:K,2,FALSE)/2,0) -> 4 | H34: =B34+C34-E34 -> 0 | J34: JALEA MIXTA(pescado y mariscos) | K34: 3
A35: CAMARON | B35: ='26.09.25'!H35 -> 0 | D35: =B35+C35 -> 0 | E35: =IFERROR(VLOOKUP("CHUPE DE CAMARORES",J:K,2,FALSE),0)+IFERROR(VLOOKUP("CAMARONES AL AJO",J:K,2,FALSE),0)+IFERROR(VLOOKUP("CEVICHE DE CAMARONES",J:K,2,FALSE),0)+IFERROR(VLOOKUP("ARROZ CON CAMARONES",J:K,2,FALSE),0)+IFERROR(VLOOKUP("CAUSA DE CAMARONES",J:K,2,FALSE),0) -> 0 | H35: =B35+C35-E35 -> 0 | J35: LECHE DE TIGRE | K35: 3
A36: MIXTURA | B36: ='26.09.25'!H36 -> 6 | C36: 2 | D36: =B36+C36 -> 8 | E36: =IFERROR(VLOOKUP("PIQUEO FRUTOS DEL MAR",J:K,2,FALSE)*2,0)+IFERROR(VLOOKUP("CEVICHE MIXTO DE MARISCOS",J:K,2,FALSE),0)+IFERROR(VLOOKUP("ARROZ C/MARISCOS",J:K,2,FALSE),0)+IFERROR(VLOOKUP("TORTILLA DE MARISCOS C/ ARROZ",J:K,2,FALSE),0)+IFERROR(VLOOKUP("CHAUFA DE MARISCOS",J:K,2,FALSE),0)+IFERROR(VLOOKUP("PARIHUELA DE MARISCOS",J:K,2,FALSE),0)+IFERROR(VLOOKUP("PICANTE DE MARISCOS",J:K,2,FALSE),0)+IFERROR(VLOOKUP("TACU TACU EN SALSA DE MARISCOS",J:K,2,FALSE),0)+IFERROR(VLOOKUP("TRÍO DE CAUSAS",J:K,2,FALSE),0)+IFERROR(VLOOKUP("CHICHARRON MIXTO DE MARISCOS",J:K,2,FALSE),0)+IFERROR(VLOOKUP("LENGUADO O CORVINA FRITA EN S/MARISCOS",J:K,2,FALSE),0)+IFERROR(VLOOKUP("TACU TACU C/LENGUADO EN SALSA DE MARISCOS",J:K,2,FALSE),0)+IFERROR(VLOOKUP("RISOTTO FRUTOS DEL MAR",J:K,2,FALSE),0)+IFERROR(VLOOKUP("TRES CAUSAS UNA PARRILLA",J:K,2,FALSE)/2,0) -> 8 | H36: =B36+C36-E36 -> 0 | J36: LENGUADO A LA PLANCHA CON ARROZ | K36: 6
A37: TOLLO | B37: ='26.09.25'!H37 -> 11 | C37: 5 | D37: =B37+C37 -> 16 | E37: =IFERROR(VLOOKUP("PIQUEO FRUTOS DEL MAR",J:K,2,FALSE)*2,0)+IFERROR(VLOOKUP("CHICHARRON PESCA DEL DIA",J:K,2,FALSE),0)+IFERROR(VLOOKUP("CEVICHE PESCA DEL DIA",J:K,2,FALSE),0)+IFERROR(VLOOKUP("LECHE DE TIGRE",J:K,2,FALSE),0)+IFERROR(VLOOKUP("1/2 LECHE DE TIGRE",J:K,2,FALSE)/2,0)+IFERROR(VLOOKUP("TRILOGIA DE LECHES DE TIGRE ",J:K,2,FALSE),0)+IFERROR(VLOOKUP("CAUSA EN SALSA ACEVICHADA ",J:K,2,FALSE),0)+IFERROR(VLOOKUP("CAUSA DE LA CASA",J:K,2,FALSE),0) -> 5.5 | H37: =B37+C37-E37 -> 10.5 | J37: LENGUADO APANADO C/ARROZ Y FRIJOL | K37: 1
A38: LANGOSTINO | B38: ='26.09.25'!H38 -> 19 | D38: =B38+C38 -> 19 | E38: =IFERROR(VLOOKUP("LANGOSTINO THAI",J:K,2,FALSE),0)+IFERROR(VLOOKUP("LANGOSTINOS CROCANTES CON PALTA BRACEADA",J:K,2,FALSE),0)+IFERROR(VLOOKUP("ARROZ C/LANGOSTINOS",J:K,2,FALSE),0)+IFERROR(VLOOKUP("SALTADO MAR Y TIERRA",J:K,2,FALSE)/2,0)+IFERROR(VLOOKUP("CAUSA DE LANGOSTINOS",J:K,2,FALSE),0)+IFERROR(VLOOKUP("TACU TACU C/ LENGUADO EN SALSA DE LANGOSTINOS",J:K,2,FALSE),0)+IFERROR(VLOOKUP("TACU TACU C/LOMO FINO EN SALSA DE LANGOSTINOS",J:K,2,FALSE),0) -> 1 | H38: =B38+C38-E38 -> 18 | J38: LENGUADO O SIMILAR AL AJO C/ARROZ | K38: 5
J39: LOMO A LAS 3 PIMIENTAS | K39: 1
J40: LOMO FINO EN SALSA D CHAMPIÑONES | K40: 3
J41: LOMO SALTADO C/ARROZ | K41: 12
J42: MILANESA DE POLLO | K42: 11
J43: MOLLEJITAS GUISADAS | K43: 1
J44: CHICHARRON PESCA DEL DÌA | K44: 1
J45: PAPA A LA HUANCAINA | K45: 7
J46: PAPA RELLENA | K46: 1
J47: PATITA EN FIAMBRE | K47: 3
J48: PATO ESTOFADO C/ARROZ Y FRIJOL | K48: 9
J49: PATO ESTOFADO DESHUESADO | K49: 10
J50: PEPIAN DE PAVO | K50: 5
... J66: PIQUEO FRUTOS DEL MAR | K66: 1

Sheet 28.09.25
A1: KARDEX COCINA - FECHA 28.09.25
A2: ENTRADAS | B2: SALDO INICIAL | C2: INGRESOS | D2: TOTAL | E2: VENTA | F2: MENU | G2: MERMA/ VARIOS | H2: SALDO FINAL | I2: OBSERVACION
A3: TAMALES | B3: ='27.09.25'!H3 -> 2 | D3: =B3+C3 -> 2 | E3: =IFERROR(VLOOKUP("TAMAL DE LA CASA CON ZARZA CRIOLLAL",J:K,2,FALSE),"0") -> 0 | H3: =D3-E3-F3-G3 -> 2 | J3: 1/2 CHICHARRON DE LENGUADO | K3: 1
A4: HUMITAS | B4: ='27.09.25'!H4 -> 8 | C4: 11 | D4: =B4+C4 -> 19 | E4: =IFERROR(VLOOKUP("HUMITA DOÑA FRESIA C/AJI DE GALLINA",J:K,2,FALSE),"0") -> 11 | H4: =D4-E4-F4-G4 -> 8 | J4: 1/2 LECHE DE TIGRE | K4: 1
A5: PAPA RELLENA | B5: ='27.09.25'!H5 -> 3 | C5: 5 | D5: =B5+C5 -> 8 | E5: =IFERROR(VLOOKUP(A$5,J:K,2,FALSE),0)+IFERROR(VLOOKUP("PIQUEO PERUANISIMO",J:K,2,FALSE),0) -> 3 | H5: =D5-E5-F5-G5 -> 5 | J5: 1/2 PATITA EN FIAMBRE | K5: 4
A6: SANGRECITA | B6: ='27.09.25'!H6 -> 0 | C6: 17 | D6: =B6+C6 -> 17 | E6: =IFERROR(VLOOKUP("SANGRECITA C/YUCA",J:K,2,FALSE),"0") -> 12 | H6: =D6-E6-F6-G6 -> 5 | J6: AJI DE GALLINA | K6: 2
A7: AJI DE GALLINA | B7: ='27.09.25'!H7 -> 2 | C7: 9 | D7: =B7+C7 -> 11 | E7: =IFERROR(VLOOKUP("HUMITA DOÑA FRESIA C/AJI DE GALLINA", J:K,2, FALSE)/2, 0) + IFERROR(VLOOKUP("AJI DE GALLINA",J:K,2, FALSE), 0) -> 7.5 | H7: =D7-E7-F7-G7 -> 3.5 | J7: AJIACO DE CUY(1/2 CUY) C/ARROZ | K7: 9
A8: MOLLEJITA | B8: ='27.09.25'!H8 -> 3 | C8: 2 | D8: =B8+C8 -> 5 | E8: =IFERROR(VLOOKUP("MOLLEJITAS GUISADAS",J:K,2,FALSE),"0")+IFERROR(VLOOKUP("PIQUEO DOÑA FRESIA",J:K,2,FALSE),0) -> 3 | H8: =D8-E8-F8-G8 -> 2 | J8: ALBONDIGA CON ARROZ | K8: 4
A9: PATITA | B9: ='27.09.25'!H9 -> 7 | C9: 5 | D9: =B9+C9 -> 12 | E9: =IFERROR(VLOOKUP("1/2 PATITA EN FIAMBRE",J:K,2, FALSE)/2, 0) + IFERROR(VLOOKUP("PATITA EN FIAMBRE",J:K, 2, FALSE), 0) -> 8 | G9: 1 | H9: =D9-E9-F9-G9 -> 3 | I9: SE ENVIO A SAN ANDRES | J9: ARROZ C/PATO | K9: 4
A10: CECINA | B10: ='27.09.25'!H10 -> 6.5 | C10: 5 | D10: =B10+C10 -> 11.5 | E10: =IFERROR(VLOOKUP("CECINAS DE LOMO C/YUCA",J:K,2,FALSE),"0")+IFERROR(VLOOKUP("PIQUEO DOÑA FRESIA",J:K,2,FALSE)/2,0) -> 6.5 | H10: =D10-E10-F10-G10 -> 5 | J10: ARROZ C/PATO DESHUESADO | K10: 6
A11: ADOBO | B11: ='27.09.25'!H11 -> 3 | C11: 5 | D11: =B11+C11 -> 8 | E11: =IFERROR(VLOOKUP("CARNE DE CERDO ADOBADA",J:K,2,FALSE),0) -> 4 | H11: =D11-E11-F11-G11 -> 4 | J11: ASADO DE RES CON ARROZ Y PURE | K11: 8
A12: SANCOCHADO | B12: ='27.09.25'!H12 -> 0 | D12: =B12+C12 -> 0 | E12: =IFERROR(VLOOKUP("SANCOCHADO 450g.",J:K,2,FALSE),0) -> 0 | H12: =D12-E12-F12-G12 -> 0 | J12: BISTEC DE LOMO FINO A LO POBRE | K12: 8
A13: SHAMBAR | B13: ='27.09.25'!H13 -> 3 | D13: =B13+C13 -> 3 | E13: =IFERROR(VLOOKUP(A13,J:K,2,FALSE),0) -> 0 | H13: =D13-E13-F13-G13 -> 3 | J13: CABRITO C/ TACU TACU | K13: 2
A14: CALDO DE GALLINA | B14: ='27.09.25'!H14 -> 4 | C14: 2 | D14: =B14+C14 -> 6 | E14: =IFERROR(VLOOKUP(A14,J:K,2,FALSE),0) -> 1 | H14: =D14-E14-F14-G14 -> 5 | J14: CABRITO C/ARROZ FRIJOL Y YUCA | K14: 16
A15: GUISOS | J15: CABRITO DESHUESADO | K15: 10
A16: ASADO | B16: ='27.09.25'!H16 -> 26 | D16: =B16+C16 -> 26 | E16: =IFERROR(VLOOKUP("ASADO DE RES CON ARROZ Y PURE",J:K,2,FALSE),0)+IFERROR(VLOOKUP("FETUCCINI AL P.C/ ASADO DE RES",J:K,2,FALSE),"0")+IFERROR(VLOOKUP("FETUCCINI A LO ALFR.C/ ASADO DE RES",J:K,2,FALSE),"0")+IFERROR(VLOOKUP("FETUCCINI A LA H.C/ ASADO DE RES",J:K,2,FALSE),"0")+IFERROR(VLOOKUP("SANDWICH DE ASADO DE RES",J:K,2,FALSE),0)+IFERROR(VLOOKUP("RISOTTO A LA H. C/ASADO",J:K,2,FALSE),0)+IFERROR(VLOOKUP("RISOTTO AL PESTO C/ASADO",J:K,2,FALSE),0)+IFERROR(VLOOKUP("TACU TACU C/ ASADO DE RES",J:K,2,FALSE),0) -> 8 | H16: =D16-E16-F16-G16 -> 18 | J16: CALDO DE GALLINA | K16: 1
A17: CUY | B17: ='27.09.25'!H17 -> 5 | C17: 5 | D17: =B17+C17 -> 10 | E17: =IFERROR(VLOOKUP("AJIACO DE CUY(1/2 CUY) C/ARROZ",J:K,2,FALSE),"0") -> 9 | H17: =D17-E17-F17-G17 -> 1 | J17: CARNE DE CERDO ADOBADA | K17: 4
A18: ALBONDIGA | B18: ='27.09.25'!H18 -> 2 | C18: 5 | D18: =B18+C18 -> 7 | E18: =IFERROR(VLOOKUP("ALBONDIGA CON ARROZ",J:K,2,FALSE),"0") -> 4 | H18: =D18-E18-F18-G18 -> 3 | J18: CAUSA DE LA CASA | K18: 1
A19: ARROZ C. PATO | B19: ='27.09.25'!H19 -> 0 | C19: 16 | D19: =B19+C19 -> 16 | E19: =IFERROR(VLOOKUP("ARROZ C/PATO DESHUESADO", J:K, 2, FALSE)*2, 0)+IFERROR(VLOOKUP("ARROZ C/PATO",J:K,2,FALSE),"0") -> 16 | H19: =D19-E19-F19-G19 -> 0 | J19: CAUSA DE LOMO FINO SALTADO | K19: 1
A20: CABRITO NORMAL | B20: ='27.09.25'!H20 -> 32 | C20: 50 | D20: =B20+C20 -> 82 | E20: =IFERROR(VLOOKUP("CABRITO C/ TACU TACU",J:K,2,FALSE),"0")+IFERROR(VLOOKUP("CABRITO C/ARROZ FRIJOL Y YUCA",J:K,2,FALSE),"0")+IFERROR(VLOOKUP("PRESA DE CABRITO",J:K,2,FALSE),"0")+IFERROR(VLOOKUP("CABRITO DESHUESADO",J:K,2,FALSE)*2,"0")+IFERROR(VLOOKUP("TACU TACU C/ CABRITO DESHUESADO",J:K,2,FALSE)*2,"0")+IFERROR(VLOOKUP("PIQUEO DOÑA FRESIA",J:K,2,FALSE)*2,"0") -> 42 | H20: =D20-E20-F20-G20 -> 40 | J20: CAUSA DE PULPO AL OLIVO | K20: 1
A21: CABRITO DESHUESADO | B21: ='27.09.25'!H21 | D21: =B21+C21 -> 0 | J21: CAUSA EN SALSA ACEVICHADA | K21: 2
A22: PATO ESTOFADO | B22: ='27.09.25'!H22 -> 8 | C22: 40 | D22: =B22+C22 -> 48 | E22: =IFERROR(VLOOKUP("PATO ESTOFADO C/ARROZ Y FRIJOL",J:K,2,FALSE),0)+IFERROR(VLOOKUP("PATO ESTOFADO DESHUESADO",J:K,2,FALSE)*2,0)+IFERROR(VLOOKUP("TACU TACU C/ PATO ESTOF. DESHUESADO",J:K,2,FALSE)*2,0)+IFERROR(VLOOKUP("PIQUEO DOÑA FRESIA",J:K,2,FALSE)*2,0)+IFERROR(VLOOKUP("PATO ESTOFADO CON TACU TACU",J:K,2,FALSE),0) -> 34 | H22: =D22-E22-F22-G22 -> 14 | J22: CECINAS DE LOMO C/YUCA | K22: 6
A23: PEPIAN | B23: ='27.09.25'!H23 -> 10 | D23: =B23+C23 -> 10 | E23: =IFERROR(VLOOKUP("PEPIAN DE PAVO",J:K,2,FALSE),"0")+IFERROR(VLOOKUP("PRESA DE PAVA",J:K,2,FALSE),0)+IFERROR(VLOOKUP("SANDWICH DE PAVO",J:K,2,FALSE),0) -> 5 | H23: =D23-E23-F23-G23 -> 5 | J23: CEVICHE DE LENGUADO | K23: 9
A24: CORVINA GUISADA | B24: ='27.09.25'!H24 -> 0 | C24: 5 | D24: =B24+C24 -> 5 | E24: =IFERROR(VLOOKUP("CORVINA GUISADA C/E CHOCLO",J:K,2,FALSE),"0") -> 4 | H24: =D24-E24-F24-G24 -> 1 | J24: CEVICHE MIXTO DE MARISCOS | K24: 1
A25: FRITURAS | J25: CEVICHE PESCA DEL DÌA | K25: 3
A26: LOMO SALTADO | B26: ='27.09.25'!H26 -> 2 | C26: 30 | D26: =B26+C26 -> 32 | E26: =IFERROR(VLOOKUP("LOMO SALTADO C/ARROZ",J:K,2,FALSE),0)+IFERROR(VLOOKUP("TACU TACU C/ LOMO SALTADO",J:K,2,FALSE),0)+IFERROR(VLOOKUP("LOMO SALTADO A LO POBRE",J:K,2,FALSE),0)++IFERROR(VLOOKUP("FETUCCINI AL P.C/ LOMO SALTADO",J:K,2,FALSE),"0")+IFERROR(VLOOKUP("FETUCCINI A LO ALFR.C/ LOMO SALTADO",J:K,2,FALSE),"0")+IFERROR(VLOOKUP("FETUCCINI A LA H.C/ LOMO SALTADO",J:K,2,FALSE),"0")+IFERROR(VLOOKUP("RISOTTO A LA H. C/ LOMO SALTADO",J:K,2,FALSE),0)+IFERROR(VLOOKUP("RISOTTO PESTO C/LOMO SALTADO",J:K,2,FALSE),0)+IFERROR(VLOOKUP("CAUSA DE LOMO FINO SALTADO",J:K,2,FALSE)/2,0)+IFERROR(VLOOKUP("LOMO SALTADO A NUESTRO ESTILO",J:K,2,FALSE),0)+IFERROR(VLOOKUP("SANDWICH DE LOMO FINO SALTADO",J:K,2,FALSE)/2,0)+IFERROR(VLOOKUP("LOMO SALTADO C/ ARROZ Y FRIJOL",J:K,2,FALSE),0)+IFERROR(VLOOKUP("SALTADO MAR Y TIERRA ",$J:$K,2,FALSE)/2,0)+IFERROR(VLOOKUP("LOMO EN NUESTRO ESTILO",$J:$K,2,FALSE),0) -> 31.5 | H26: =D26-E26-F26-G26 -> 0.5 | J26: CHICHARRON DE LENGUADO | K26: 2
A27: FILETE DE POLLO CARTA | B27: ='27.09.25'!H27 -> 8 | C27: 7 | D27: =B27+C27 -> 15 | E27: =IFERROR(VLOOKUP("FILETE DE POLLO A LA PLANCHA",J:K,2,FALSE),"0")+IFERROR(VLOOKUP("FETUCCINI A LO ALFR.C/ FILETE DE POLLO",J:K,2,FALSE),"0")+IFERROR(VLOOKUP("FETUCCINI A LA H.C/ FILETE DE POLLO",J:K,2,FALSE),"0")+IFERROR(VLOOKUP("FETUCCINI AL P.C/ FILETE DE POLLO",J:K,2,FALSE),"0")+IFERROR(VLOOKUP("PIQUEO PERUANISIMO",J:K,2,FALSE)*2,0)+IFERROR(VLOOKUP("DIETA DE POLLO",J:K,2,FALSE),0)+IFERROR(VLOOKUP("RISOTTO PESTO C/FILETE DE POLLO",J:K,2,FALSE),0)+IFERROR(VLOOKUP("POLLO SALTADO C/ ARROZ Y PAPAS FRITAS",J:K,2,FALSE),0)+IFERROR(VLOOKUP("PRESA DE FILETE DE POLLO",J:K,2,FALSE),0)+IFERROR(VLOOKUP("SALTADO MAR Y TIERRA ",J:K,2,FALSE)/2,0)+IFERROR(VLOOKUP("CAUSA DE POLLO ",J:K,2,FALSE),0)+IFERROR(VLOOKUP("SANDWICH DE POLLO ",J:K,2,FALSE),0) -> 12 | G27: 3 | H27: =D27-E27-F27-G27 -> 0 | I27: PASO PARA FILETE | J27: CHICHARRON DE POLLO C/ PAPAS FRITAS | K27: 3
A28: MILANESA CARTA | B28: ='27.09.25'!H28 -> 8 | C28: 5 | D28: =B28+C28 -> 13 | E28: =IFERROR(VLOOKUP("MILANESA DE POLLO",J:K,2,FALSE),"0")+IFERROR(VLOOKUP("FETUCCINI AL P.C/ MILANESA",J:K,2,FALSE),"0")+IFERROR(VLOOKUP("FETUCCINI A LO ALFR.C/ MILANESA",J:K,2,FALSE),"0")+IFERROR(VLOOKUP("FETUCCINI A LA H.C/ MILANESA",J:K,2,FALSE),"0")+IFERROR(VLOOKUP("MILANESA DE POLLO A LO POBRE",J:K,2,FALSE),"0")+IFERROR(VLOOKUP("RISOTTO PESTO C/MILANESA",J:K,2,FALSE),0)+IFERROR(VLOOKUP("TACU TACU C/ MILANESA",J:K,2,FALSE),0)+IFERROR(VLOOKUP("RISOTTO A LA H. C/MILANESA DE POLLO",J:K,2,FALSE),0) -> 10 | H28: =D28-E28-F28-G28 -> 3 | J28: CORVINA GUISADA C/E CHOCLO | K28: 4
A29: BISTEC CARTA | B29: ='27.09.25'!H29 -> 0 | C29: 15 | D29: =B29+C29 -> 15 | E29: =IFERROR(VLOOKUP("TACU TACU C/ BISTEC A LO POBRE",J:K,2,FALSE),0)+IFERROR(VLOOKUP("BISTEC DE LOMO FINO A LO POBRE",J:K,2,FALSE),0)+IFERROR(VLOOKUP("FETUCCINI AL P.C/ BISTEC DE LOMO 250 G",J:K,2,FALSE),"0")+IFERROR(VLOOKUP("FETUCCINI A LO ALFR.C/ BISTEC DE LOMO 250 G",J:K,2,FALSE),"0")+IFERROR(VLOOKUP("FETUCCINI A LA H.C/ BISTEC DE LOMO 250 G",J:K,2,FALSE),"0")+IFERROR(VLOOKUP("FETUCCINI AL P.C/ BISTEC DE LOMO APANADO",J:K,2,FALSE),"0")+IFERROR(VLOOKUP("FETUCCINI A LO ALFR.C/ BISTEC DE LOMO APANADO",J:K,2,FALSE),"0")+IFERROR(VLOOKUP("FETUCCINI A LA H.C/ BISTEC DE LOMO APANADO",J:K,2,FALSE),"0")+IFERROR(VLOOKUP("RISOTTO A LA H. BISTEC DE LOMO 250 G",J:K,2,FALSE),0)+IFERROR(VLOOKUP("RISOTTO PESTO C/BISTEC DE LOMO 250 G",J:K,2,FALSE),0)+IFERROR(VLOOKUP("BISTEC DE LOMO FINO A LA PLANCHA",J:K,2,FALSE),0)+IFERROR(VLOOKUP("LOMO A LAS 3 PIMIENTAS",J:K,2,FALSE),0)+IFERROR(VLOOKUP("LOMO FINO EN SALSA D CHAMPIÑONES",J:K,2,FALSE),0)+IFERROR(VLOOKUP("BISTEC DE LOMO FINO APANADO",J:K,2,FALSE),0)+IFERROR(VLOOKUP("TACU TACU C/LOMO FINO EN SALSA DE LANGOSTINOS",J:K,2,FALSE),0) -> 12 | G29: 2 | H29: =D29-E29-F29-G29 -> 1 | I29: PASO PARA LOMO SALTADO | J29: CORVINA SUDADA | K29: 2
A30: CHICHARRON DE POLLO | B30: ='27.09.25'!H30 -> 0 | C30: 3 | D30: =B30+C30 -> 3 | E30: =IFERROR(VLOOKUP("CHICHARRON DE POLLO C/ PAPAS FRITAS",J:K,2,FALSE),0)+IFERROR(VLOOKUP("1/2 PORC. CHICHARRON DE POLLO",J:K,2,FALSE),0) -> 3 | H30: =D30-E30-F30-G30 -> 0 | J30: DIETA DE POLLO | K30: 3
A31: PESCADOS Y MARISCOS | D31: =B31+C31 -> 0 | H31: =D31-E31-F31-G31 -> 0 | J31: ENSALADA DOÑA FRESIA | K31: 1
A32: LENGUADO | B32: ='27.09.25'!H32 -> 15 | C32: 6 | D32: =B32+C32 -> 21 | E32: =IFERROR(VLOOKUP("CEVICHE MIXTO DE MARISCOS",J:K,2,FALSE),0)+IFERROR(VLOOKUP("CEVICHE DE LENGUADO",J:K,2,FALSE),0)+IFERROR(VLOOKUP("LENGUADO A LA PLANCHA CON ARROZ",J:K,2,FALSE),0)+IFERROR(VLOOKUP("LENGUADO A LO MACHO CON YUCA",J:K,2,FALSE),0)+IFERROR(VLOOKUP("LENGUADO APANADA C/ARROZ Y FRIJOL",J:K,2,FALSE),0)+IFERROR(VLOOKUP("LENGUADO ESCABECHADO C/ARROZ Y CAMOTE",J:K,2,FALSE),0)+IFERROR(VLOOKUP("TACU TACU C/ LENGUADO EN SALSA DE LANGOSTINOS",J:K,2,FALSE),0)+IFERROR(VLOOKUP("TACU TACU C/LENGUADO EN SALSA DE MARISCOS",J:K,2,FALSE),0)+IFERROR(VLOOKUP("TIRADITO DE LENGUADO A LAS DOS CREMAS",J:K,2,FALSE),0)+IFERROR(VLOOKUP("TIRADITO DE LENGUADO O SIMILAR",J:K,2,FALSE),0)+IFERROR(VLOOKUP("CHICHARRON DE LENGUADO",J:K,2,FALSE),0)+IFERROR(VLOOKUP("JALEA DE LENGUADO O SIMILAR",J:K,2,FALSE),0)+IFERROR(VLOOKUP("LENGUADO O CORVINA FRITA C/ARROZ Y YUCA",J:K,FALSE),0)+IFERROR(VLOOKUP("LENGUADO O CORVINA FRITA EN S/MARISCOS",J:K,2,FALSE),0)+IFERROR(VLOOKUP("LENGUADO O SIMILAR AL AJO C/ARROZ",J:K,2,FALSE),0)+IFERROR(VLOOKUP("LENGUADO A LA MEUNIERE",J:K,2,FALSE),0)+IFERROR(VLOOKUP("TACU TACU C/ LENGUADO A LO MACHO",J:K,2,FALSE),0)+IFERROR(VLOOKUP("CHICHARRON MIXTO DE MARISCOS",J:K,2,FALSE),0)+IFERROR(VLOOKUP("FUENTE DE CEVICHE DE CORVINA O LENGUADO",J:K,2,FALSE)*2,0)+IFERROR(VLOOKUP("CAUSA DE LA CASA ",J:K,2,FALSE),0)+IFERROR(VLOOKUP("TACU TACU C/ LENGUDO EN SALSA DE LANGOSTINOS",J:K,2,FALSE),0) -> 20 | H32: =D32-E32-F32-G32 -> 1 | J32: ENSALADA MIXTA PERSONAL | K32: 1
A33: CORVINA | B33: ='27.09.25'!H33 -> 1 | C33: 9 | D33: =B33+C33 -> 10 | E33: =IFERROR(VLOOKUP("CORVINA SUDADA",J:K,2,FALSE),0)+IFERROR(VLOOKUP("CHUPE DE CORVINA",J:K,2,FALSE),0) -> 2 | H33: =D33-E33-F33-G33 -> 8 | J33: FETUCCINI A LA H.C/ FILETE DE POLLO | K33: 2
A34: PULPO | B34: ='27.09.25'!H34 -> 0 | C34: 6 | D34: =B34+C34 -> 6 | E34: =IFERROR(VLOOKUP("PULPO ANTICUCHERO 250G",J:K,2,FALSE),0)+IFERROR(VLOOKUP("PULPO AL OLIVO 200G",J:K,2,FALSE),0)+IFERROR(VLOOKUP("CEVICHE DE PULPO",J:K,2,FALSE),0)+IFERROR(VLOOKUP("CAUSA DE PULPO AL OLIVO",J:K,2,FALSE),0)+IFERROR(VLOOKUP("CEVICHE DE PULPO",J:K,2,FALSE)*2,0)+IFERROR(VLOOKUP("TRES CAUSAS UNA PARRILLA",J:K,2,FALSE)/2,0) -> 4 | H34: =D34-E34-F34-G34 -> 2 | J34: FETUCCINI A LA H.C/ LOMO SALTADO | K34: 7
A35: CAMARON | B35: ='27.09.25'!H35 -> 0 | C35: 1 | D35: =B35+C35 -> 1 | E35: =IFERROR(VLOOKUP("CHUPE DE CAMARORES",J:K,2,FALSE),0)+IFERROR(VLOOKUP("CAMARONES AL AJO",J:K,2,FALSE),0)+IFERROR(VLOOKUP("CEVICHE DE CAMARONES",J:K,2,FALSE),0)+IFERROR(VLOOKUP("ARROZ CON CAMARONES",J:K,2,FALSE),0)+IFERROR(VLOOKUP("CAUSA DE CAMARONES",J:K,2,FALSE),0) -> 1 | H35: =D35-E35-F35-G35 -> 0 | J35: FETUCCINI A LA H.C/ MILANESA | K35: 1
A36: MIXTURA | B36: ='27.09.25'!H36 -> 0 | C36: 14 | D36: =B36+C36 -> 14 | E36: =IFERROR(VLOOKUP("PIQUEO FRUTOS DEL MAR",J:K,2,FALSE)*2,0)+IFERROR(VLOOKUP("CEVICHE MIXTO DE MARISCOS",J:K,2,FALSE),0)+IFERROR(VLOOKUP("ARROZ C/MARISCOS",J:K,2,FALSE),0)+IFERROR(VLOOKUP("TORTILLA DE MARISCOS C/ ARROZ",J:K,2,FALSE),0)+IFERROR(VLOOKUP("CHAUFA DE MARISCOS",J:K,2,FALSE),0)+IFERROR(VLOOKUP("PARIHUELA DE MARISCOS",J:K,2,FALSE),0)+IFERROR(VLOOKUP("PICANTE DE MARISCOS",J:K,2,FALSE),0)+IFERROR(VLOOKUP("TACU TACU EN SALSA DE MARISCOS",J:K,2,FALSE),0)+IFERROR(VLOOKUP("TRÍO DE CAUSAS",J:K,2,FALSE),0)+IFERROR(VLOOKUP("CHICHARRON MIXTO DE MARISCOS",J:K,2,FALSE),0)+IFERROR(VLOOKUP("LENGUADO O CORVINA FRITA EN S/MARISCOS",J:K,2,FALSE),0)+IFERROR(VLOOKUP("TACU TACU C/LENGUADO EN SALSA DE MARISCOS",J:K,2,FALSE),0)+IFERROR(VLOOKUP("RISOTTO FRUTOS DEL MAR",J:K,2,FALSE),0)+IFERROR(VLOOKUP("TRES CAUSAS UNA PARRILLA",J:K,2,FALSE)/2,0) -> 4 | H36: =D36-$E$36-F36-G36 -> 10 | J36: FETUCCINI A LO ALFR.C/ FILETE DE POLLO | K36: 1
A37: TOLLO | B37: ='27.09.25'!H37 -> 10.5 | D37: =B37+C37 -> 10.5 | E37: =IFERROR(VLOOKUP("PIQUEO FRUTOS DEL MAR",J:K,2,FALSE)*2,0)+IFERROR(VLOOKUP("CHICHARRON PESCA DEL DIA",J:K,2,FALSE),0)+IFERROR(VLOOKUP("CEVICHE PESCA DEL DIA",J:K,2,FALSE),0)+IFERROR(VLOOKUP("LECHE DE TIGRE",J:K,2,FALSE),0)+IFERROR(VLOOKUP("1/2 LECHE DE TIGRE",J:K,2,FALSE)/2,0)+IFERROR(VLOOKUP("TRILOGIA DE LECHES DE TIGRE ",J:K,2,FALSE),0)+IFERROR(VLOOKUP("CAUSA EN SALSA ACEVICHADA ",J:K,2,FALSE),0)+IFERROR(VLOOKUP("CAUSA DE LA CASA",J:K,2,FALSE),0) -> 10.5 | H37: =D37-$E$36-F37-G37 -> 6.5 | J37: FETUCCINI A LO ALFR.C/ BISTEC DE LOMO | K37: 1
A38: LANGOSTINO | B38: ='27.09.25'!H38 -> 18 | D38: =B38+C38 -> 18 | E38: =IFERROR(VLOOKUP("LANGOSTINO THAI",J:K,2,FALSE),0)+IFERROR(VLOOKUP("LANGOSTINOS CROCANTES CON PALTA BRACEADA",J:K,2,FALSE),0)+IFERROR(VLOOKUP("ARROZ C/LANGOSTINOS",J:K,2,FALSE),0)+IFERROR(VLOOKUP("SALTADO MAR Y TIERRA",J:K,2,FALSE)/2,0)+IFERROR(VLOOKUP("CAUSA DE LANGOSTINOS",J:K,2,FALSE),0)+IFERROR(VLOOKUP("TACU TACU C/ LENGUADO EN SALSA DE LANGOSTINOS",J:K,2,FALSE),0)+IFERROR(VLOOKUP("TACU TACU C/LOMO FINO EN SALSA DE LANGOSTINOS",J:K,2,FALSE),0) -> 0.5 | H38: =D38-$E$36-F38-G38 -> 14 | J38: FETUCCINI A LO ALFR.C/ MILANESA | K38: 2
D39: =B39+C39 -> 0 | H39: =D39-E39-F39-G39 -> 0 | J39: FETUCCINI AL P.C/ LOMO SALTADO | K39: 1
B40: ='22.09.25'!H40 | J40: FILETE DE POLLO A LA PLANCHA | K40: 6
B41: ='22.09.25'!H41 | J41: HUMITA DOÑA FRESIA C/AJI DE GALLINA | K41: 11
B42: ='22.09.25'!H42 | J42: JALEA MIXTA(pescado y mariscos) | K42: 3
B43: ='22.09.25'!H43 | J43: LECHE DE TIGRE | K43: 7
B44: ='22.09.25'!H44 | J44: LENGUADO A LA MEUNIERE | K44: 1
B45: ='22.09.25'!H45 | J45: LENGUADO A LA PLANCHA C/TACU TACU | K45: 4
J46: LENGUADO A LA PLANCHA CON ARROZ | K46: 4
J47: LENGUADO APANADO C/ARROZ Y FRIJOL | K47: 7
J48: LENGUADO ESCABECHADO C/ARROZ Y CAMOTE | K48: 2
J49: LENGUADO O SIMILAR AL AJO C/ARROZ | K49: 1
J50: LOMO A LAS 3 PIMIENTAS | K50: 1
J51: LOMO FINO EN SALSA D CHAMPIÑONES | K51: 2
J52: LOMO SALTADO A NUESTRO ESTILO | K52: 1
J53: LOMO SALTADO C/ARROZ | K53: 19
J54: MILANESA DE POLLO | K54: 7
J55: CEVICHE DE CAMARONES | K55: 1
J56: MOLLEJITAS GUISADAS | K56: 2
J57: PAPA A LA HUANCAINA | K57: 3
... J80: TIRADITO A LAS TRES CREMAS | K80: 1

Sheet 29.09.25
A1: KARDEX COCINA - FECHA 29.09.25
A2: ENTRADAS | B2: SALDO INICIAL | C2: INGRESOS | D2: TOTAL | E2: VENTA | F2: MENU | G2: MERMA/ VARIOS | H2: SALDO FINAL | I2: OBSERVACION
A3: TAMALES | B3: ='28.09.25'!H3 -> 2 | D3: =B3+C3 -> 2 | E3: =IFERROR(VLOOKUP("TAMAL DE LA CASA CON ZARZA CRIOLLAL",J:K,2,FALSE),"0") -> 0 | G3: 2 | H3: =D3-E3-F3-G3 -> 0 | I3: MERMA | J3: AJI DE GALLINA | K3: 3
A4: HUMITAS | B4: ='28.09.25'!H4 -> 8 | C4: 2 | D4: =B4+C4 -> 10 | E4: =IFERROR(VLOOKUP("HUMITA DOÑA FRESIA C/AJI DE GALLINA",J:K,2,FALSE),"0") -> 6 | H4: =D4-E4-F4-G4 -> 4 | J4: ARROZ C/PATO | K4: 4
A5: PAPA RELLENA | B5: ='28.09.25'!H5 -> 5 | D5: =B5+C5 -> 5 | E5: =IFERROR(VLOOKUP(A$5,J:K,2,FALSE),0)+IFERROR(VLOOKUP("PIQUEO PERUANISIMO",J:K,2,FALSE),0) -> 2 | H5: =D5-E5-F5-G5 -> 3 | J5: ARROZ C/PATO DESHUESADO | K5: 5
A6: SANGRECITA | B6: ='28.09.25'!H6 -> 5 | C6: 6 | D6: =B6+C6 -> 11 | E6: =IFERROR(VLOOKUP("SANGRECITA C/YUCA",J:K,2,FALSE),"0") -> 4 | H6: =D6-E6-F6-G6 -> 7 | J6: ASADO DE RES CON ARROZ Y PURE | K6: 5
A7: AJI DE GALLINA | B7: ='28.09.25'!H7 -> 3.5 | C7: 9 | D7: =B7+C7 -> 12.5 | E7: =IFERROR(VLOOKUP("HUMITA DOÑA FRESIA C/AJI DE GALLINA", J:K,2, FALSE)/2, 0) + IFERROR(VLOOKUP("AJI DE GALLINA",J:K,2, FALSE), 0) -> 6 | H7: =D7-E7-F7-G7 -> 6.5 | J7: BISTEC DE LOMO FINO A LO POBRE | K7: 6
A8: MOLLEJITA | B8: ='28.09.25'!H8 -> 2 | D8: =B8+C8 -> 2 | E8: =IFERROR(VLOOKUP("MOLLEJITAS GUISADAS",J:K,2,FALSE),"0")+IFERROR(VLOOKUP("PIQUEO DOÑA FRESIA",J:K,2,FALSE),0) -> 0 | H8: =D8-E8-F8-G8 -> 2 | J8: CABRITO C/ TACU TACU | K8: 2
A9: PATITA | B9: ='28.09.25'!H9 -> 3 | C9: 5 | D9: =B9+C9 -> 8 | E9: =IFERROR(VLOOKUP("1/2 PATITA EN FIAMBRE",J:K,2, FALSE)/2, 0) + IFERROR(VLOOKUP("PATITA EN FIAMBRE",J:K, 2, FALSE), 0) -> 2 | H9: =D9-E9-F9-G9 -> 6 | J9: CABRITO C/ARROZ FRIJOL Y YUCA | K9: 4
A10: CECINA | B10: ='28.09.25'!H10 -> 5 | D10: =B10+C10 -> 5 | E10: =IFERROR(VLOOKUP("CECINAS DE LOMO C/YUCA",J:K,2,FALSE),"0")+IFERROR(VLOOKUP("PIQUEO DOÑA FRESIA",J:K,2,FALSE)/2,0) -> 2 | H10: =D10-E10-F10-G10 -> 3 | J10: CABRITO DESHUESADO | K10: 4
A11: ADOBO | B11: ='28.09.25'!H11 -> 4 | C11: 2 | D11: =B11+C11 -> 6 | E11: =IFERROR(VLOOKUP("CARNE DE CERDO ADOBADA",J:K,2,FALSE),0) -> 2 | H11: =D11-E11-F11-G11 -> 4 | J11: CAUSA DE POLLO | K11: 2
A12: SANCOCHADO | B12: ='28.09.25'!H12 -> 0 | D12: =B12+C12 -> 0 | E12: =IFERROR(VLOOKUP("SANCOCHADO 450g.",J:K,2,FALSE),0) -> 0 | H12: =D12-E12-F12-G12 -> 0 | J12: CECINAS DE LOMO C/YUCA | K12: 2
A13: SHAMBAR | B13: ='28.09.25'!H13 -> 3 | C13: 20 | D13: =B13+C13 -> 23 | E13: =IFERROR(VLOOKUP(A13,J:K,2,FALSE),0) -> 18 | H13: =D13-E13-F13-G13 -> 5 | J13: CEVICHE DE LENGUADO | K13: 4
A14: CALDO DE GALLINA | B14: ='28.09.25'!H14 -> 5 | D14: =B14+C14 -> 5 | E14: =IFERROR(VLOOKUP(A14,J:K,2,FALSE),0) -> 0 | G14: 5 | H14: =D14-E14-F14-G14 -> 0 | I14: MENU PERSONAL | J14: CHICHARRON DE LANGOSTINOS | K14: 1
A15: GUISOS | J15: CHICHARRON DE LENGUADO | K15: 3
A16: ASADO | B16: ='28.09.25'!H16 -> 18 | D16: =B16+C16 -> 18 | E16: =IFERROR(VLOOKUP("ASADO DE RES CON ARROZ Y PURE",J:K,2,FALSE),0)+IFERROR(VLOOKUP("FETUCCINI AL P.C/ ASADO DE RES",J:K,2,FALSE),"0")+IFERROR(VLOOKUP("FETUCCINI A LO ALFR.C/ ASADO DE RES",J:K,2,FALSE),"0")+IFERROR(VLOOKUP("FETUCCINI A LA H.C/ ASADO DE RES",J:K,2,FALSE),"0")+IFERROR(VLOOKUP("SANDWICH DE ASADO DE RES",J:K,2,FALSE),0)+IFERROR(VLOOKUP("RISOTTO A LA H. C/ASADO",J:K,2,FALSE),0)+IFERROR(VLOOKUP("RISOTTO AL PESTO C/ASADO",J:K,2,FALSE),0)+IFERROR(VLOOKUP("TACU TACU C/ ASADO DE RES",J:K,2,FALSE),0) -> 5 | H16: =D16-E16-F16-G16 -> 13 | J16: CHICHARRON PESCA DEL DÌA | K16: 3
A17: CUY | B17: ='28.09.25'!H17 -> 1 | C17: 9 | D17: =B17+C17 -> 10 | E17: =IFERROR(VLOOKUP("AJIACO DE CUY(1/2 CUY) C/ARROZ",J:K,2,FALSE),"0") -> 0 | H17: =D17-E17-F17-G17 -> 10 | J17: DIETA DE POLLO | K17: 2
A18: ALBONDIGA | B18: ='28.09.25'!H18 -> 3 | C18: 1 | D18: =B18+C18 -> 4 | E18: =IFERROR(VLOOKUP("ALBONDIGA CON ARROZ",J:K,2,FALSE),"0") -> 0 | H18: =D18-E18-F18-G18 -> 4 | J18: ENSALADA CÉSAR | K18: 1
A19: ARROZ C. PATO | B19: ='28.09.25'!H19 -> 0 | C19: 14 | D19: =B19+C19 -> 14 | E19: =IFERROR(VLOOKUP("ARROZ C/PATO DESHUESADO", J:K, 2, FALSE)*2, 0)+IFERROR(VLOOKUP("ARROZ C/PATO",J:K,2,FALSE),"0") -> 14 | H19: =D19-E19-F19-G19 -> 0 | J19: FETUCCINI A LA H.C/ BISTEC DE LOMO FINO | K19: 2
A20: CABRITO NORMAL | B20: ='28.09.25'!H20 -> 40 | C20: 25 | D20: =B20+C20 -> 65 | E20: =IFERROR(VLOOKUP("CABRITO C/ TACU TACU",J:K,2,FALSE),"0")+IFERROR(VLOOKUP("CABRITO C/ARROZ FRIJOL Y YUCA",J:K,2,FALSE),"0")+IFERROR(VLOOKUP("PRESA DE CABRITO",J:K,2,FALSE),"0")+IFERROR(VLOOKUP("CABRITO DESHUESADO",J:K,2,FALSE)*2,"0")+IFERROR(VLOOKUP("TACU TACU C/ CABRITO DESHUESADO",J:K,2,FALSE)*2,"0")+IFERROR(VLOOKUP("PIQUEO DOÑA FRESIA",J:K,2,FALSE)*2,"0") -> 20 | H20: =D20-E20-F20-G20 -> 45 | J20: FETUCCINI A LA H.C/ FILETE DE POLLO | K20: 3
A21: CABRITO DESHUESADO | B21: ='28.09.25'!H21 | D21: =B21+C21 -> 0 | J21: FETUCCINI A LA H.C/ LOMO SALTADO | K21: 1
A22: PATO ESTOFADO | B22: ='28.09.25'!H22 -> 14 | C22: 20 | D22: =B22+C22 -> 34 | E22: =IFERROR(VLOOKUP("PATO ESTOFADO C/ARROZ Y FRIJOL",J:K,2,FALSE),0)+IFERROR(VLOOKUP("PATO ESTOFADO DESHUESADO",J:K,2,FALSE)*2,0)+IFERROR(VLOOKUP("TACU TACU C/ PATO ESTOF. DESHUESADO",J:K,2,FALSE)*2,0)+IFERROR(VLOOKUP("PIQUEO DOÑA FRESIA",J:K,2,FALSE)*2,0)+IFERROR(VLOOKUP("PATO ESTOFADO CON TACU TACU",J:K,2,FALSE),0) -> 6 | G22: 4 | H22: =D22-E22-F22-G22 -> 24 | I22: SE CONSIDERO PARA OTROS PLATOS , LA PRESA MUY PEQUEÑAS | J22: FETUCCINI A LO ALFR.C/ FILETE DE POLLO | K22: 1
A23: PEPIAN | B23: ='28.09.25'!H23 -> 5 | D23: =B23+C23 -> 5 | E23: =IFERROR(VLOOKUP("PEPIAN DE PAVO",J:K,2,FALSE),"0")+IFERROR(VLOOKUP("PRESA DE PAVA",J:K,2,FALSE),0)+IFERROR(VLOOKUP("SANDWICH DE PAVO",J:K,2,FALSE),0) -> 0 | G23: 5 | H23: =D23-E23-F23-G23 -> 0 | I23: SE ENVIO A SAN ANDRES | J23: FILETE DE POLLO A LA PLANCHA | K23: 11
A24: CORVINA GUISADA | B24: ='28.09.25'!H24 -> 1 | C24: 4 | D24: =B24+C24 -> 5 | E24: =IFERROR(VLOOKUP("CORVINA GUISADA C/E CHOCLO",J:K,2,FALSE),"0") -> 0 | H24: =D24-E24-F24-G24 -> 5 | J24: HUMITA DOÑA FRESIA C/AJI DE GALLINA | K24: 6
A25: FRITURAS | J25: LECHE DE TIGRE | K25: 2
A26: LOMO SALTADO | B26: ='28.09.25'!H26 -> 0.5 | C26: 12 | D26: =B26+C26 -> 12.5 | E26: =IFERROR(VLOOKUP("LOMO SALTADO C/ARROZ",J:K,2,FALSE),0)+IFERROR(VLOOKUP("TACU TACU C/ LOMO SALTADO",J:K,2,FALSE),0)+IFERROR(VLOOKUP("LOMO SALTADO A LO POBRE",J:K,2,FALSE),0)++IFERROR(VLOOKUP("FETUCCINI AL P.C/ LOMO SALTADO",J:K,2,FALSE),"0")+IFERROR(VLOOKUP("FETUCCINI A LO ALFR.C/ LOMO SALTADO",J:K,2,FALSE),"0")+IFERROR(VLOOKUP("FETUCCINI A LA H.C/ LOMO SALTADO",J:K,2,FALSE),"0")+IFERROR(VLOOKUP("RISOTTO A LA H. C/ LOMO SALTADO",J:K,2,FALSE),0)+IFERROR(VLOOKUP("RISOTTO PESTO C/LOMO SALTADO",J:K,2,FALSE),0)+IFERROR(VLOOKUP("CAUSA DE LOMO FINO SALTADO",J:K,2,FALSE)/2,0)+IFERROR(VLOOKUP("LOMO SALTADO A NUESTRO ESTILO",J:K,2,FALSE),0)+IFERROR(VLOOKUP("SANDWICH DE LOMO FINO SALTADO",J:K,2,FALSE)/2,0)+IFERROR(VLOOKUP("LOMO SALTADO C/ ARROZ Y FRIJOL",J:K,2,FALSE),0)+IFERROR(VLOOKUP("SALTADO MAR Y TIERRA ",$J:$K,2,FALSE)/2,0)+IFERROR(VLOOKUP("LOMO EN NUESTRO ESTILO",$J:$K,2,FALSE),0) -> 9 | G26: 1 | H26: =D26-E26-F26-G26 -> 2.5 | I26: MERMA, MAL OLOR | J26: LENGUADO A LA PLANCHA CON ARROZ | K26: 4
A27: FILETE DE POLLO CARTA | B27: ='28.09.25'!H27 -> 0 | C27: 17 | D27: =B27+C27 -> 17 | E27: =IFERROR(VLOOKUP("FILETE DE POLLO A LA PLANCHA",J:K,2,FALSE),"0")+IFERROR(VLOOKUP("FETUCCINI A LO ALFR.C/ FILETE DE POLLO",J:K,2,FALSE),"0")+IFERROR(VLOOKUP("FETUCCINI A LA H.C/ FILETE DE POLLO",J:K,2,FALSE),"0")+IFERROR(VLOOKUP("FETUCCINI AL P.C/ FILETE DE POLLO",J:K,2,FALSE),"0")+IFERROR(VLOOKUP("PIQUEO PERUANISIMO",J:K,2,FALSE)*2,0)+IFERROR(VLOOKUP("DIETA DE POLLO",J:K,2,FALSE),0)+IFERROR(VLOOKUP("RISOTTO PESTO C/FILETE DE POLLO",J:K,2,FALSE),0)+IFERROR(VLOOKUP("POLLO SALTADO C/ ARROZ Y PAPAS FRITAS",J:K,2,FALSE),0)+IFERROR(VLOOKUP("PRESA DE FILETE DE POLLO",J:K,2,FALSE),0)+IFERROR(VLOOKUP("SALTADO MAR Y TIERRA ",J:K,2,FALSE)/2,0)+IFERROR(VLOOKUP("CAUSA DE POLLO ",J:K,2,FALSE),0)+IFERROR(VLOOKUP("SANDWICH DE POLLO ",J:K,2,FALSE),0) -> 17 | H27: =D27-E27-F27-G27 -> 0 | J27: LOMO SALTADO A LO POBRE | K27: 1
A28: MILANESA CARTA | B28: ='28.09.25'!H28 -> 3 | D28: =B28+C28 -> 3 | E28: =IFERROR(VLOOKUP("MILANESA DE POLLO",J:K,2,FALSE),"0")+IFERROR(VLOOKUP("FETUCCINI AL P.C/ MILANESA",J:K,2,FALSE),"0")+IFERROR(VLOOKUP("FETUCCINI A LO ALFR.C/ MILANESA",J:K,2,FALSE),"0")+IFERROR(VLOOKUP("FETUCCINI A LA H.C/ MILANESA",J:K,2,FALSE),"0")+IFERROR(VLOOKUP("MILANESA DE POLLO A LO POBRE",J:K,2,FALSE),"0")+IFERROR(VLOOKUP("RISOTTO PESTO C/MILANESA",J:K,2,FALSE),0)+IFERROR(VLOOKUP("TACU TACU C/ MILANESA",J:K,2,FALSE),0)+IFERROR(VLOOKUP("RISOTTO A LA H. C/MILANESA DE POLLO",J:K,2,FALSE),0) -> 3 | H28: =D28-E28-F28-G28 -> 0 | J28: LOMO SALTADO A NUESTRO ESTILO | K28: 1
A29: BISTEC CARTA | B29: ='28.09.25'!H29 -> 1 | C29: 15 | D29: =B29+C29 -> 16 | E29: =IFERROR(VLOOKUP("TACU TACU C/ BISTEC A LO POBRE",J:K,2,FALSE),0)+IFERROR(VLOOKUP("BISTEC DE LOMO FINO A LO POBRE",J:K,2,FALSE),0)+IFERROR(VLOOKUP("FETUCCINI AL P.C/ BISTEC DE LOMO 250 G",J:K,2,FALSE),"0")+IFERROR(VLOOKUP("FETUCCINI A LO ALFR.C/ BISTEC DE LOMO 250 G",J:K,2,FALSE),"0")+IFERROR(VLOOKUP("FETUCCINI A LA H.C/ BISTEC DE LOMO 250 G",J:K,2,FALSE),"0")+IFERROR(VLOOKUP("FETUCCINI AL P.C/ BISTEC DE LOMO APANADO",J:K,2,FALSE),"0")+IFERROR(VLOOKUP("FETUCCINI A LO ALFR.C/ BISTEC DE LOMO APANADO",J:K,2,FALSE),"0")+IFERROR(VLOOKUP("FETUCCINI A LA H.C/ BISTEC DE LOMO APANADO",J:K,2,FALSE),"0")+IFERROR(VLOOKUP("RISOTTO A LA H. BISTEC DE LOMO 250 G",J:K,2,FALSE),0)+IFERROR(VLOOKUP("RISOTTO PESTO C/BISTEC DE LOMO 250 G",J:K,2,FALSE),0)+IFERROR(VLOOKUP("BISTEC DE LOMO FINO A LA PLANCHA",J:K,2,FALSE),0)+IFERROR(VLOOKUP("LOMO A LAS 3 PIMIENTAS",J:K,2,FALSE),0)+IFERROR(VLOOKUP("LOMO FINO EN SALSA D CHAMPIÑONES",J:K,2,FALSE),0)+IFERROR(VLOOKUP("BISTEC DE LOMO FINO APANADO",J:K,2,FALSE),0)+IFERROR(VLOOKUP("TACU TACU C/LOMO FINO EN SALSA DE LANGOSTINOS",J:K,2,FALSE),0) -> 9 | G29: 4 | H29: =D29-E29-F29-G29 -> 3 | I29: PASA PARA LOMO SALTADO | J29: LOMO SALTADO C/ARROZ | K29: 6
A30: CHICHARRON DE POLLO | B30: ='28.09.25'!H30 -> 0 | D30: =B30+C30 -> 0 | E30: =IFERROR(VLOOKUP("CHICHARRON DE POLLO C/ PAPAS FRITAS",J:K,2,FALSE),0)+IFERROR(VLOOKUP("1/2 PORC. CHICHARRON DE POLLO",J:K,2,FALSE),0) -> 0 | H30: =D30-E30-F30-G30 -> 0 | J30: MILANESA DE POLLO | K30: 3
A31: PESCADOS Y MARISCOS | D31: =B31+C31 -> 0 | H31: =D31-E31-F31-G31 -> 0 | J31: DIETA DE POLLO | K31: 1
A32: LENGUADO | B32: ='28.09.25'!H32 -> 1 | C32: 12 | D32: =B32+C32 -> 13 | E32: =IFERROR(VLOOKUP("CEVICHE MIXTO DE MARISCOS",J:K,2,FALSE),0)+IFERROR(VLOOKUP("CEVICHE DE LENGUADO",J:K,2,FALSE),0)+IFERROR(VLOOKUP("LENGUADO A LA PLANCHA CON ARROZ",J:K,2,FALSE),0)+IFERROR(VLOOKUP("LENGUADO A LO MACHO CON YUCA",J:K,2,FALSE),0)+IFERROR(VLOOKUP("LENGUADO APANADA C/ARROZ Y FRIJOL",J:K,2,FALSE),0)+IFERROR(VLOOKUP("LENGUADO ESCABECHADO C/ARROZ Y CAMOTE",J:K,2,FALSE),0)+IFERROR(VLOOKUP("TACU TACU C/ LENGUADO EN SALSA DE LANGOSTINOS",J:K,2,FALSE),0)+IFERROR(VLOOKUP("TACU TACU C/LENGUADO EN SALSA DE MARISCOS",J:K,2,FALSE),0)+IFERROR(VLOOKUP("TIRADITO DE LENGUADO A LAS DOS CREMAS",J:K,2,FALSE),0)+IFERROR(VLOOKUP("TIRADITO DE LENGUADO O SIMILAR",J:K,2,FALSE),0)+IFERROR(VLOOKUP("CHICHARRON DE LENGUADO",J:K,2,FALSE),0)+IFERROR(VLOOKUP("JALEA DE LENGUADO O SIMILAR",J:K,2,FALSE),0)+IFERROR(VLOOKUP("LENGUADO O CORVINA FRITA C/ARROZ Y YUCA",J:K,FALSE),0)+IFERROR(VLOOKUP("LENGUADO O CORVINA FRITA EN S/MARISCOS",J:K,2,FALSE),0)+IFERROR(VLOOKUP("LENGUADO O SIMILAR AL AJO C/ARROZ",J:K,2,FALSE),0)+IFERROR(VLOOKUP("LENGUADO A LA MEUNIERE",J:K,2,FALSE),0)+IFERROR(VLOOKUP("TACU TACU C/ LENGUADO A LO MACHO",J:K,2,FALSE),0)+IFERROR(VLOOKUP("CHICHARRON MIXTO DE MARISCOS",J:K,2,FALSE),0)+IFERROR(VLOOKUP("FUENTE DE CEVICHE DE CORVINA O LENGUADO",J:K,2,FALSE)*2,0)+IFERROR(VLOOKUP("CAUSA DE LA CASA ",J:K,2,FALSE),0)+IFERROR(VLOOKUP("TACU TACU C/ LENGUDO EN SALSA DE LANGOSTINOS",J:K,2,FALSE),0) -> 12 | H32: =D32-E32-F32-G32 -> 1 | J32: ENSALADA MIXTA PERSONAL | K32: 1
A33: CORVINA | B33: ='28.09.25'!H33 -> 8 | D33: =B33+C33 -> 8 | E33: =IFERROR(VLOOKUP("CORVINA SUDADA",J:K,2,FALSE),0)+IFERROR(VLOOKUP("CHUPE DE CORVINA",J:K,2,FALSE),0) -> 1 | H33: =D33-E33-F33-G33 -> 7 | J33: PAPA A LA HUANCAINA | K33: 4
A34: PULPO | B34: ='28.09.25'!H34 -> 2 | C34: 5 | D34: =B34+C34 -> 7 | E34: =IFERROR(VLOOKUP("PULPO ANTICUCHERO 250G",J:K,2,FALSE),0)+IFERROR(VLOOKUP("PULPO AL OLIVO 200G",J:K,2,FALSE),0)+IFERROR(VLOOKUP("CEVICHE DE PULPO",J:K,2,FALSE),0)+IFERROR(VLOOKUP("CAUSA DE PULPO AL OLIVO",J:K,2,FALSE),0)+IFERROR(VLOOKUP("CEVICHE DE PULPO",J:K,2,FALSE)*2,0)+IFERROR(VLOOKUP("TRES CAUSAS UNA PARRILLA",J:K,2,FALSE)/2,0) -> 2 | H34: =D34-E34-F34-G34 -> 5 | J34: PAPA RELLENA | K34: 2
A35: CAMARON | B35: ='28.09.25'!H35 -> 0 | D35: =B35+C35 -> 0 | E35: =IFERROR(VLOOKUP("CHUPE DE CAMARORES",J:K,2,FALSE),0)+IFERROR(VLOOKUP("CAMARONES AL AJO",J:K,2,FALSE),0)+IFERROR(VLOOKUP("CEVICHE DE CAMARONES",J:K,2,FALSE),0)+IFERROR(VLOOKUP("ARROZ CON CAMARONES",J:K,2,FALSE),0)+IFERROR(VLOOKUP("CAUSA DE CAMARONES",J:K,2,FALSE),0) -> 0 | H35: =D35-E35-F35-G35 -> 0 | J35: PATITA EN FIAMBRE | K35: 2
A36: MIXTURA | B36: ='28.09.25'!H36 -> 10 | C36: 10 | D36: =B36+C36 -> 20 | E36: =IFERROR(VLOOKUP("PIQUEO FRUTOS DEL MAR",J:K,2,FALSE)*2,0)+IFERROR(VLOOKUP("CEVICHE MIXTO DE MARISCOS",J:K,2,FALSE),0)+IFERROR(VLOOKUP("ARROZ C/MARISCOS",J:K,2,FALSE),0)+IFERROR(VLOOKUP("TORTILLA DE MARISCOS C/ ARROZ",J:K,2,FALSE),0)+IFERROR(VLOOKUP("CHAUFA DE MARISCOS",J:K,2,FALSE),0)+IFERROR(VLOOKUP("PARIHUELA DE MARISCOS",J:K,2,FALSE),0)+IFERROR(VLOOKUP("PICANTE DE MARISCOS",J:K,2,FALSE),0)+IFERROR(VLOOKUP("TACU TACU EN SALSA DE MARISCOS",J:K,2,FALSE),0)+IFERROR(VLOOKUP("TRÍO DE CAUSAS",J:K,2,FALSE),0)+IFERROR(VLOOKUP("CHICHARRON MIXTO DE MARISCOS",J:K,2,FALSE),0)+IFERROR(VLOOKUP("LENGUADO O CORVINA FRITA EN S/MARISCOS",J:K,2,FALSE),0)+IFERROR(VLOOKUP("TACU TACU C/LENGUADO EN SALSA DE MARISCOS",J:K,2,FALSE),0)+IFERROR(VLOOKUP("RISOTTO FRUTOS DEL MAR",J:K,2,FALSE),0)+IFERROR(VLOOKUP("TRES CAUSAS UNA PARRILLA",J:K,2,FALSE)/2,0) -> 1 | H36: =D36-$E$36-F36-G36 -> 19 | J36: PATO ESTOFADO C/ARROZ Y FRIJOL | K36: 4
A37: TOLLO | B37: ='28.09.25'!H37 -> 6.5 | D37: =B37+C37 -> 6.5 | E37: =IFERROR(VLOOKUP("PIQUEO FRUTOS DEL MAR",J:K,2,FALSE)*2,0)+IFERROR(VLOOKUP("CHICHARRON PESCA DEL DIA",J:K,2,FALSE),0)+IFERROR(VLOOKUP("CEVICHE PESCA DEL DIA",J:K,2,FALSE),0)+IFERROR(VLOOKUP("LECHE DE TIGRE",J:K,2,FALSE),0)+IFERROR(VLOOKUP("1/2 LECHE DE TIGRE",J:K,2,FALSE)/2,0)+IFERROR(VLOOKUP("TRILOGIA DE LECHES DE TIGRE ",J:K,2,FALSE),0)+IFERROR(VLOOKUP("CAUSA EN SALSA ACEVICHADA ",J:K,2,FALSE),0)+IFERROR(VLOOKUP("CAUSA DE LA CASA",J:K,2,FALSE),0) -> 2 | H37: =D37-$E$36-F37-G37 -> 5.5 | J37: PATO ESTOFADO DESHUESADO | K37: 1
A38: LANGOSTINO | B38: ='28.09.25'!H38 -> 14 | D38: =B38+C38 -> 14 | E38: =IFERROR(VLOOKUP("LANGOSTINO THAI",J:K,2,FALSE),0)+IFERROR(VLOOKUP("LANGOSTINOS CROCANTES CON PALTA BRACEADA",J:K,2,FALSE),0)+IFERROR(VLOOKUP("ARROZ C/LANGOSTINOS",J:K,2,FALSE),0)+IFERROR(VLOOKUP("SALTADO MAR Y TIERRA",J:K,2,FALSE)/2,0)+IFERROR(VLOOKUP("CAUSA DE LANGOSTINOS",J:K,2,FALSE),0)+IFERROR(VLOOKUP("TACU TACU C/ LENGUADO EN SALSA DE LANGOSTINOS",J:K,2,FALSE),0)+IFERROR(VLOOKUP("TACU TACU C/LOMO FINO EN SALSA DE LANGOSTINOS",J:K,2,FALSE),0) -> 1 | H38: =D38-$E$36-F38-G38 -> 13 | J38: PORC. JAMON SERRANO SHAMBAR | K38: 1
D39: =B39+C39 -> 0 | H39: =D39-E39-F39-G39 -> 0 | J39: PORCION DE ARROZ | K39: 1
B40: ='28.09.25'!H40 | J40: PORCION DE CAMOTE SANCOCHADO | K40: 1
B41: ='28.09.25'!H41 | J41: PORCIÓN DE FETUCCINI A LA HUANCAÍNA | K41: 1
B42: ='28.09.25'!H42 | J42: PRESA DE ALBONDIGA | K42: 4
B43: ='28.09.25'!H43 | J43: SANGRECITA C/YUCA | K43: 4
B44: ='28.09.25'!H44 | J44: SHAMBAR | K44: 18
B45: ='28.09.25'!H45 | J45: TACU TACU C/ CABRITO DESHUESADO | K45: 3
J46: TAMAL DE LA CASA CON ZARZA CRIOLLA | K46: 2
J47: TRIO DE CAUSAS | K47: 3
J48: CAUSA DE PULPO AL OLIVO | K48: 2
J49: CORVINA SUDADA | K49: 1
J50: LENGUADO APANADO C/ARROZ Y FRIJOL | K50: 1
J51: LOMO A LAS 3 PIMIENTAS | K51: 2
J52: ARROZ C/MARISCOS | K52: 1
J53: BISTEC DE LOMO FINO APANADO | K53: 1
J54: CARNE DE CERDO ADOBADA | K54: 2
J55: CAUSA DE LANGOSTINOS | K55: 1
J56: CAUSA EN SALSA ACEVICHADA | K56: 1
J57: LENGUADO O SIMILAR AL AJO C/ARROZ | K57: 1

Sheet 30.09.25
A1: KARDEX COCINA - FECHA 29.09.25
A2: ENTRADAS | B2: SALDO INICIAL | C2: INGRESOS | D2: TOTAL | E2: VENTA | F2: MENU | G2: MERMA/ VARIOS | H2: SALDO FINAL | I2: OBSERVACION
A3: TAMALES | B3: ='29.09.25'!H3 -> 0 | D3: =B3+C3 -> 0 | E3: =IFERROR(VLOOKUP("TAMAL DE LA CASA CON ZARZA CRIOLLAL",J:K,2,FALSE),"0") -> 0 | H3: =D3-E3-F3-G3 -> 0 | J3: AJI DE GALLINA | K3: 1
A4: HUMITAS | B4: ='29.09.25'!H4 -> 4 | C4: 1 | D4: =B4+C4 -> 5 | E4: =IFERROR(VLOOKUP("HUMITA DOÑA FRESIA C/AJI DE GALLINA",J:K,2,FALSE),"0") -> 3 | H4: =D4-E4-F4-G4 -> 2 | J4: ALBONDIGA CON ARROZ | K4: 1
A5: PAPA RELLENA | B5: ='29.09.25'!H5 -> 3 | D5: =B5+C5 -> 3 | E5: =IFERROR(VLOOKUP(A$5,J:K,2,FALSE),0)+IFERROR(VLOOKUP("PIQUEO PERUANISIMO",J:K,2,FALSE),0) -> 2 | H5: =D5-E5-F5-G5 -> 1 | J5: ASADO DE RES CON ARROZ Y PURE | K5: 3
A6: SANGRECITA | B6: ='29.09.25'!H6 -> 7 | D6: =B6+C6 -> 7 | E6: =IFERROR(VLOOKUP("SANGRECITA C/YUCA",J:K,2,FALSE),"0") -> 3 | H6: =D6-E6-F6-G6 -> 4 | J6: CABRITO DESHUESADO | K6: 4
A7: AJI DE GALLINA | B7: ='29.09.25'!H7 -> 6.5 | D7: =B7+C7 -> 6.5 | E7: =IFERROR(VLOOKUP("HUMITA DOÑA FRESIA C/AJI DE GALLINA", J:K,2, FALSE)/2, 0) + IFERROR(VLOOKUP("AJI DE GALLINA",J:K,2, FALSE), 0) -> 2.5 | H7: =D7-E7-F7-G7 -> 4 | J7: CARNE DE CERDO ADOBADA | K7: 3
A8: MOLLEJITA | B8: ='29.09.25'!H8 -> 2 | D8: =B8+C8 -> 2 | E8: =IFERROR(VLOOKUP("MOLLEJITAS GUISADAS",J:K,2,FALSE),"0")+IFERROR(VLOOKUP("PIQUEO DOÑA FRESIA",J:K,2,FALSE),0) -> 1 | G8: 1 | H8: =D8-E8-F8-G8 -> 0 | I8: MENU PERSONAL | J8: CECINAS DE LOMO C/YUCA | K8: 3
A9: PATITA | B9: ='29.09.25'!H9 -> 6 | C9: 5 | D9: =B9+C9 -> 11 | E9: =IFERROR(VLOOKUP("1/2 PATITA EN FIAMBRE",J:K,2, FALSE)/2, 0) + IFERROR(VLOOKUP("PATITA EN FIAMBRE",J:K, 2, FALSE), 0) -> 3 | H9: =D9-E9-F9-G9 -> 8 | J9: CEVICHE DE LENGUADO | K9: 4
A10: CECINA | B10: ='29.09.25'!H10 -> 3 | C10: 5 | D10: =B10+C10 -> 8 | E10: =IFERROR(VLOOKUP("CECINAS DE LOMO C/YUCA",J:K,2,FALSE),"0")+IFERROR(VLOOKUP("PIQUEO DOÑA FRESIA",J:K,2,FALSE)/2,0) -> 3.5 | H10: =D10-E10-F10-G10 -> 4.5 | J10: CEVICHE MIXTO DE MARISCOS | K10: 2
A11: ADOBO | B11: ='29.09.25'!H11 -> 4 | C11: 5 | D11: =B11+C11 -> 9 | E11: =IFERROR(VLOOKUP("CARNE DE CERDO ADOBADA",J:K,2,FALSE),0) -> 3 | H11: =D11-E11-F11-G11 -> 6 | J11: DIETA DE POLLO | K11: 1
A12: SANCOCHADO | B12: ='29.09.25'!H12 -> 0 | D12: =B12+C12 -> 0 | E12: =IFERROR(VLOOKUP("SANCOCHADO 450g.",J:K,2,FALSE),0) -> 0 | H12: =D12-E12-F12-G12 -> 0 | J12: ENSALADA CÉSAR | K12: 1
A13: SHAMBAR | B13: ='29.09.25'!H13 -> 5 | D13: =B13+C13 -> 5 | E13: =IFERROR(VLOOKUP(A13,J:K,2,FALSE),0) -> 0 | H13: =D13-E13-F13-G13 -> 5 | J13: FILETE DE POLLO A LA PLANCHA | K13: 2
A14: CALDO DE GALLINA | B14: ='29.09.25'!H14 -> 0 | D14: =B14+C14 -> 0 | E14: =IFERROR(VLOOKUP(A14,J:K,2,FALSE),0) -> 0 | H14: =D14-E14-F14-G14 -> 0 | J14: HUMITA DOÑA FRESIA C/AJI DE GALLINA | K14: 3
A15: GUISOS | J15: LENGUADO APANADO C/ARROZ Y FRIJOL | K15: 1
A16: ASADO | B16: ='29.09.25'!H16 -> 13 | C16: 20 | D16: =B16+C16 -> 33 | E16: =IFERROR(VLOOKUP("ASADO DE RES CON ARROZ Y PURE",J:K,2,FALSE),0)+IFERROR(VLOOKUP("FETUCCINI AL P.C/ ASADO DE RES",J:K,2,FALSE),"0")+IFERROR(VLOOKUP("FETUCCINI A LO ALFR.C/ ASADO DE RES",J:K,2,FALSE),"0")+IFERROR(VLOOKUP("FETUCCINI A LA H.C/ ASADO DE RES",J:K,2,FALSE),"0")+IFERROR(VLOOKUP("SANDWICH DE ASADO DE RES",J:K,2,FALSE),0)+IFERROR(VLOOKUP("RISOTTO A LA H. C/ASADO",J:K,2,FALSE),0)+IFERROR(VLOOKUP("RISOTTO AL PESTO C/ASADO",J:K,2,FALSE),0)+IFERROR(VLOOKUP("TACU TACU C/ ASADO DE RES",J:K,2,FALSE),0) -> 3 | H16: =D16-E16-F16-G16 -> 30 | J16: LENGUADO O SIMILAR AL AJO C/ARROZ | K16: 1
A17: CUY | B17: ='29.09.25'!H17 -> 10 | D17: =B17+C17 -> 10 | E17: =IFERROR(VLOOKUP("AJIACO DE CUY(1/2 CUY) C/ARROZ",J:K,2,FALSE),"0") -> 1 | H17: =D17-E17-F17-G17 -> 9 | J17: LOMO FINO EN SALSA D CHAMPIÑONES | K17: 3
A18: ALBONDIGA | B18: ='29.09.25'!H18 -> 4 | D18: =B18+C18 -> 4 | E18: =IFERROR(VLOOKUP("ALBONDIGA CON ARROZ",J:K,2,FALSE),"0") -> 1 | H18: =D18-E18-F18-G18 -> 3 | J18: LOMO SALTADO C/ARROZ | K18: 2
A19: ARROZ C. PATO | B19: ='29.09.25'!H19 -> 0 | C19: 10 | D19: =B19+C19 -> 10 | E19: =IFERROR(VLOOKUP("ARROZ C/PATO DESHUESADO", J:K, 2, FALSE)*2, 0)+IFERROR(VLOOKUP("ARROZ C/PATO",J:K,2,FALSE),"0") -> 0 | G19: 10 | H19: =D19-E19-F19-G19 -> 0 | I19: PASA PARA PATO ESTOFAADO | J19: BISTEC DE LOMO FINO A LO POBRE | K19: 2
A20: CABRITO NORMAL | B20: ='29.09.25'!H20 -> 45 | C20: 10 | D20: =B20+C20 -> 55 | E20: =IFERROR(VLOOKUP("CABRITO C/ TACU TACU",J:K,2,FALSE),"0")+IFERROR(VLOOKUP("CABRITO C/ARROZ FRIJOL Y YUCA",J:K,2,FALSE),"0")+IFERROR(VLOOKUP("PRESA DE CABRITO",J:K,2,FALSE),"0")+IFERROR(VLOOKUP("CABRITO DESHUESADO",J:K,2,FALSE)*2,"0")+IFERROR(VLOOKUP("TACU TACU C/ CABRITO DESHUESADO",J:K,2,FALSE)*2,"0")+IFERROR(VLOOKUP("PIQUEO DOÑA FRESIA",J:K,2,FALSE)*2,"0") -> 10 | G20: 10 | H20: =D20-E20-F20-G20 -> 35 | I20: SE ENVIO A SAN ANDRES | J20: CHICHARRON DE LANGOSTINOS | K20: 1
A21: CABRITO DESHUESADO | B21: ='29.09.25'!H21 | D21: =B21+C21 -> 0 | J21: PAPA RELLENA | K21: 2
A22: PATO ESTOFADO | B22: ='29.09.25'!H22 -> 24 | C22: 10 | D22: =B22+C22 -> 34 | E22: =IFERROR(VLOOKUP("PATO ESTOFADO C/ARROZ Y FRIJOL",J:K,2,FALSE),0)+IFERROR(VLOOKUP("PATO ESTOFADO DESHUESADO",J:K,2,FALSE)*2,0)+IFERROR(VLOOKUP("TACU TACU C/ PATO ESTOF. DESHUESADO",J:K,2,FALSE)*2,0)+IFERROR(VLOOKUP("PIQUEO DOÑA FRESIA",J:K,2,FALSE)*2,0)+IFERROR(VLOOKUP("PATO ESTOFADO CON TACU TACU",J:K,2,FALSE),0) -> 9 | G22: 2 | H22: =D22-E22-F22-G22 -> 23 | I22: SE UTILIZO PARA COMPLETAR OTROS PLATOS LA PRESAS MUY PEQUEÑAS | J22: PATITA EN FIAMBRE | K22: 3
A23: PEPIAN | B23: ='29.09.25'!H23 -> 0 | D23: =B23+C23 -> 0 | E23: =IFERROR(VLOOKUP("PEPIAN DE PAVO",J:K,2,FALSE),"0")+IFERROR(VLOOKUP("PRESA DE PAVA",J:K,2,FALSE),0)+IFERROR(VLOOKUP("SANDWICH DE PAVO",J:K,2,FALSE),0) -> 0 | H23: =D23-E23-F23-G23 -> 0 | J23: PATO ESTOFADO C/ARROZ Y FRIJOL | K23: 1
A24: CORVINA GUISADA | B24: ='29.09.25'!H24 -> 5 | D24: =B24+C24 -> 5 | E24: =IFERROR(VLOOKUP("CORVINA GUISADA C/E CHOCLO",J:K,2,FALSE),"0") -> 0 | H24: =D24-E24-F24-G24 -> 5 | J24: PATO ESTOFADO DESHUESADO | K24: 3
A25: FRITURAS | J25: PIQUEO DOÑA FRESIA | K25: 1
A26: LOMO SALTADO | B26: ='29.09.25'!H26 -> 2.5 | C26: 5 | D26: =B26+C26 -> 7.5 | E26: =IFERROR(VLOOKUP("LOMO SALTADO C/ARROZ",J:K,2,FALSE),0)+IFERROR(VLOOKUP("TACU TACU C/ LOMO SALTADO",J:K,2,FALSE),0)+IFERROR(VLOOKUP("LOMO SALTADO A LO POBRE",J:K,2,FALSE),0)++IFERROR(VLOOKUP("FETUCCINI AL P.C/ LOMO SALTADO",J:K,2,FALSE),"0")+IFERROR(VLOOKUP("FETUCCINI A LO ALFR.C/ LOMO SALTADO",J:K,2,FALSE),"0")+IFERROR(VLOOKUP("FETUCCINI A LA H.C/ LOMO SALTADO",J:K,2,FALSE),"0")+IFERROR(VLOOKUP("RISOTTO A LA H. C/ LOMO SALTADO",J:K,2,FALSE),0)+IFERROR(VLOOKUP("RISOTTO PESTO C/LOMO SALTADO",J:K,2,FALSE),0)+IFERROR(VLOOKUP("CAUSA DE LOMO FINO SALTADO",J:K,2,FALSE)/2,0)+IFERROR(VLOOKUP("LOMO SALTADO A NUESTRO ESTILO",J:K,2,FALSE),0)+IFERROR(VLOOKUP("SANDWICH DE LOMO FINO SALTADO",J:K,2,FALSE)/2,0)+IFERROR(VLOOKUP("LOMO SALTADO C/ ARROZ Y FRIJOL",J:K,2,FALSE),0)+IFERROR(VLOOKUP("SALTADO MAR Y TIERRA ",$J:$K,2,FALSE)/2,0)+IFERROR(VLOOKUP("LOMO EN NUESTRO ESTILO",$J:$K,2,FALSE),0) -> 2 | H26: =D26-E26-F26-G26 -> 5.5 | J26: PORCION DE ARROZ | K26: 1
A27: FILETE DE POLLO CARTA | B27: ='29.09.25'!H27 -> 0 | C27: 8 | D27: =B27+C27 -> 8 | E27: =IFERROR(VLOOKUP("FILETE DE POLLO A LA PLANCHA",J:K,2,FALSE),"0")+IFERROR(VLOOKUP("FETUCCINI A LO ALFR.C/ FILETE DE POLLO",J:K,2,FALSE),"0")+IFERROR(VLOOKUP("FETUCCINI A LA H.C/ FILETE DE POLLO",J:K,2,FALSE),"0")+IFERROR(VLOOKUP("FETUCCINI AL P.C/ FILETE DE POLLO",J:K,2,FALSE),"0")+IFERROR(VLOOKUP("PIQUEO PERUANISIMO",J:K,2,FALSE)*2,0)+IFERROR(VLOOKUP("DIETA DE POLLO",J:K,2,FALSE),0)+IFERROR(VLOOKUP("RISOTTO PESTO C/FILETE DE POLLO",J:K,2,FALSE),0)+IFERROR(VLOOKUP("POLLO SALTADO C/ ARROZ Y PAPAS FRITAS",J:K,2,FALSE),0)+IFERROR(VLOOKUP("PRESA DE FILETE DE POLLO",J:K,2,FALSE),0)+IFERROR(VLOOKUP("SALTADO MAR Y TIERRA ",J:K,2,FALSE)/2,0)+IFERROR(VLOOKUP("CAUSA DE POLLO ",J:K,2,FALSE),0)+IFERROR(VLOOKUP("SANDWICH DE POLLO ",J:K,2,FALSE),0) -> 3 | H27: =D27-E27-F27-G27 -> 5 | J27: PORCION DE YUCA SANCOCHADA | K27: 1
A28: MILANESA CARTA | B28: ='29.09.25'!H28 -> 0 | C28: 10 | D28: =B28+C28 -> 10 | E28: =IFERROR(VLOOKUP("MILANESA DE POLLO",J:K,2,FALSE),"0")+IFERROR(VLOOKUP("FETUCCINI AL P.C/ MILANESA",J:K,2,FALSE),"0")+IFERROR(VLOOKUP("FETUCCINI A LO ALFR.C/ MILANESA",J:K,2,FALSE),"0")+IFERROR(VLOOKUP("FETUCCINI A LA H.C/ MILANESA",J:K,2,FALSE),"0")+IFERROR(VLOOKUP("MILANESA DE POLLO A LO POBRE",J:K,2,FALSE),"0")+IFERROR(VLOOKUP("RISOTTO PESTO C/MILANESA",J:K,2,FALSE),0)+IFERROR(VLOOKUP("TACU TACU C/ MILANESA",J:K,2,FALSE),0)+IFERROR(VLOOKUP("RISOTTO A LA H. C/MILANESA DE POLLO",J:K,2,FALSE),0) -> 0 | G28: 3 | H28: =D28-E28-F28-G28 -> 7 | I28: SE PASO PARA MILANESA | J28: AJIACO DE CUY(1/2 CUY) C/ARROZ | K28: 1
A29: BISTEC CARTA | B29: ='29.09.25'!H29 -> 3 | C29: 5 | D29: =B29+C29 -> 8 | E29: =IFERROR(VLOOKUP("TACU TACU C/ BISTEC A LO POBRE",J:K,2,FALSE),0)+IFERROR(VLOOKUP("BISTEC DE LOMO FINO A LO POBRE",J:K,2,FALSE),0)+IFERROR(VLOOKUP("FETUCCINI AL P.C/ BISTEC DE LOMO 250 G",J:K,2,FALSE),"0")+IFERROR(VLOOKUP("FETUCCINI A LO ALFR.C/ BISTEC DE LOMO 250 G",J:K,2,FALSE),"0")+IFERROR(VLOOKUP("FETUCCINI A LA H.C/ BISTEC DE LOMO 250 G",J:K,2,FALSE),"0")+IFERROR(VLOOKUP("FETUCCINI AL P.C/ BISTEC DE LOMO APANADO",J:K,2,FALSE),"0")+IFERROR(VLOOKUP("FETUCCINI A LO ALFR.C/ BISTEC DE LOMO APANADO",J:K,2,FALSE),"0")+IFERROR(VLOOKUP("FETUCCINI A LA H.C/ BISTEC DE LOMO APANADO",J:K,2,FALSE),"0")+IFERROR(VLOOKUP("RISOTTO A LA H. BISTEC DE LOMO 250 G",J:K,2,FALSE),0)+IFERROR(VLOOKUP("RISOTTO PESTO C/BISTEC DE LOMO 250 G",J:K,2,FALSE),0)+IFERROR(VLOOKUP("BISTEC DE LOMO FINO A LA PLANCHA",J:K,2,FALSE),0)+IFERROR(VLOOKUP("LOMO A LAS 3 PIMIENTAS",J:K,2,FALSE),0)+IFERROR(VLOOKUP("LOMO FINO EN SALSA D CHAMPIÑONES",J:K,2,FALSE),0)+IFERROR(VLOOKUP("BISTEC DE LOMO FINO APANADO",J:K,2,FALSE),0)+IFERROR(VLOOKUP("TACU TACU C/LOMO FINO EN SALSA DE LANGOSTINOS",J:K,2,FALSE),0) -> 5 | H29: =D29-E29-F29-G29 -> 3 | J29: CAUSA DE PULPO AL OLIVO | K29: 1
A30: CHICHARRON DE POLLO | B30: ='29.09.25'!H30 -> 0 | D30: =B30+C30 -> 0 | E30: =IFERROR(VLOOKUP("CHICHARRON DE POLLO C/ PAPAS FRITAS",J:K,2,FALSE),0)+IFERROR(VLOOKUP("1/2 PORC. CHICHARRON DE POLLO",J:K,2,FALSE),0) -> 0 | H30: =D30-E30-F30-G30 -> 0 | J30: ENSALADA CÉSAR | K30: 1
A31: PESCADOS Y MARISCOS | D31: =B31+C31 -> 0 | H31: =D31-E31-F31-G31 -> 0 | J31: PAPA A LA HUANCAINA | K31: 1
A32: LENGUADO | B32: ='29.09.25'!H32 -> 1 | C32: 15 | D32: =B32+C32 -> 16 | E32: =IFERROR(VLOOKUP("CEVICHE MIXTO DE MARISCOS",J:K,2,FALSE),0)+IFERROR(VLOOKUP("CEVICHE DE LENGUADO",J:K,2,FALSE),0)+IFERROR(VLOOKUP("LENGUADO A LA PLANCHA CON ARROZ",J:K,2,FALSE),0)+IFERROR(VLOOKUP("LENGUADO A LO MACHO CON YUCA",J:K,2,FALSE),0)+IFERROR(VLOOKUP("LENGUADO APANADA C/ARROZ Y FRIJOL",J:K,2,FALSE),0)+IFERROR(VLOOKUP("LENGUADO ESCABECHADO C/ARROZ Y CAMOTE",J:K,2,FALSE),0)+IFERROR(VLOOKUP("TACU TACU C/ LENGUADO EN SALSA DE LANGOSTINOS",J:K,2,FALSE),0)+IFERROR(VLOOKUP("TACU TACU C/LENGUADO EN SALSA DE MARISCOS",J:K,2,FALSE),0)+IFERROR(VLOOKUP("TIRADITO DE LENGUADO A LAS DOS CREMAS",J:K,2,FALSE),0)+IFERROR(VLOOKUP("TIRADITO DE LENGUADO O SIMILAR",J:K,2,FALSE),0)+IFERROR(VLOOKUP("CHICHARRON DE LENGUADO",J:K,2,FALSE),0)+IFERROR(VLOOKUP("JALEA DE LENGUADO O SIMILAR",J:K,2,FALSE),0)+IFERROR(VLOOKUP("LENGUADO O CORVINA FRITA C/ARROZ Y YUCA",J:K,FALSE),0)+IFERROR(VLOOKUP("LENGUADO O CORVINA FRITA EN S/MARISCOS",J:K,2,FALSE),0)+IFERROR(VLOOKUP("LENGUADO O SIMILAR AL AJO C/ARROZ",J:K,2,FALSE),0)+IFERROR(VLOOKUP("LENGUADO A LA MEUNIERE",J:K,2,FALSE),0)+IFERROR(VLOOKUP("TACU TACU C/ LENGUADO A LO MACHO",J:K,2,FALSE),0)+IFERROR(VLOOKUP("CHICHARRON MIXTO DE MARISCOS",J:K,2,FALSE),0)+IFERROR(VLOOKUP("FUENTE DE CEVICHE DE CORVINA O LENGUADO",J:K,2,FALSE)*2,0)+IFERROR(VLOOKUP("CAUSA DE LA CASA ",J:K,2,FALSE),0)+IFERROR(VLOOKUP("TACU TACU C/ LENGUDO EN SALSA DE LANGOSTINOS",J:K,2,FALSE),0) -> 7 | H32: =B32+C32-E32 -> 9 | J32: SANGRECITA C/YUCA | K32: 3
A33: CORVINA | B33: ='29.09.25'!H33 -> 7 | D33: =B33+C33 -> 7 | E33: =IFERROR(VLOOKUP("CORVINA SUDADA",J:K,2,FALSE),0)+IFERROR(VLOOKUP("CHUPE DE CORVINA",J:K,2,FALSE),0) -> 0 | H33: =B33+C33-E33 -> 7
A34: PULPO | B34: ='29.09.25'!H34 -> 5 | D34: =B34+C34 -> 5 | E34: =IFERROR(VLOOKUP("PULPO ANTICUCHERO 250G",J:K,2,FALSE),0)+IFERROR(VLOOKUP("PULPO AL OLIVO 200G",J:K,2,FALSE),0)+IFERROR(VLOOKUP("CEVICHE DE PULPO",J:K,2,FALSE),0)+IFERROR(VLOOKUP("CAUSA DE PULPO AL OLIVO",J:K,2,FALSE),0)+IFERROR(VLOOKUP("CEVICHE DE PULPO",J:K,2,FALSE)*2,0)+IFERROR(VLOOKUP("TRES CAUSAS UNA PARRILLA",J:K,2,FALSE)/2,0) -> 1 | H34: =B34+C34-E34 -> 4
A35: CAMARON | B35: ='29.09.25'!H35 -> 0 | D35: =B35+C35 -> 0 | E35: =IFERROR(VLOOKUP("CHUPE DE CAMARORES",J:K,2,FALSE),0)+IFERROR(VLOOKUP("CAMARONES AL AJO",J:K,2,FALSE),0)+IFERROR(VLOOKUP("CEVICHE DE CAMARONES",J:K,2,FALSE),0)+IFERROR(VLOOKUP("ARROZ CON CAMARONES",J:K,2,FALSE),0)+IFERROR(VLOOKUP("CAUSA DE CAMARONES",J:K,2,FALSE),0) -> 0 | H35: =B35+C35-E35 -> 0
A36: MIXTURA | B36: ='29.09.25'!H36 -> 19 | D36: =B36+C36 -> 19 | E36: =IFERROR(VLOOKUP("PIQUEO FRUTOS DEL MAR",J:K,2,FALSE)*2,0)+IFERROR(VLOOKUP("CEVICHE MIXTO DE MARISCOS",J:K,2,FALSE),0)+IFERROR(VLOOKUP("ARROZ C/MARISCOS",J:K,2,FALSE),0)+IFERROR(VLOOKUP("TORTILLA DE MARISCOS C/ ARROZ",J:K,2,FALSE),0)+IFERROR(VLOOKUP("CHAUFA DE MARISCOS",J:K,2,FALSE),0)+IFERROR(VLOOKUP("PARIHUELA DE MARISCOS",J:K,2,FALSE),0)+IFERROR(VLOOKUP("PICANTE DE MARISCOS",J:K,2,FALSE),0)+IFERROR(VLOOKUP("TACU TACU EN SALSA DE MARISCOS",J:K,2,FALSE),0)+IFERROR(VLOOKUP("TRÍO DE CAUSAS",J:K,2,FALSE),0)+IFERROR(VLOOKUP("CHICHARRON MIXTO DE MARISCOS",J:K,2,FALSE),0)+IFERROR(VLOOKUP("LENGUADO O CORVINA FRITA EN S/MARISCOS",J:K,2,FALSE),0)+IFERROR(VLOOKUP("TACU TACU C/LENGUADO EN SALSA DE MARISCOS",J:K,2,FALSE),0)+IFERROR(VLOOKUP("RISOTTO FRUTOS DEL MAR",J:K,2,FALSE),0)+IFERROR(VLOOKUP("TRES CAUSAS UNA PARRILLA",J:K,2,FALSE)/2,0) -> 2 | G36: 2 | H36: =B36+C36-E36 -> 17 | I36: SE ENVIO A SAN ANDRES
A37: TOLLO | B37: ='29.09.25'!H37 -> 5.5 | D37: =B37+C37 -> 5.5 | E37: =IFERROR(VLOOKUP("PIQUEO FRUTOS DEL MAR",J:K,2,FALSE)*2,0)+IFERROR(VLOOKUP("CHICHARRON PESCA DEL DIA",J:K,2,FALSE),0)+IFERROR(VLOOKUP("CEVICHE PESCA DEL DIA",J:K,2,FALSE),0)+IFERROR(VLOOKUP("LECHE DE TIGRE",J:K,2,FALSE),0)+IFERROR(VLOOKUP("1/2 LECHE DE TIGRE",J:K,2,FALSE)/2,0)+IFERROR(VLOOKUP("TRILOGIA DE LECHES DE TIGRE ",J:K,2,FALSE),0)+IFERROR(VLOOKUP("CAUSA EN SALSA ACEVICHADA ",J:K,2,FALSE),0)+IFERROR(VLOOKUP("CAUSA DE LA CASA",J:K,2,FALSE),0) -> 0 | H37: =B37+C37-E37 -> 5.5
A38: LANGOSTINO | B38: ='29.09.25'!H38 -> 13 | D38: =B38+C38 -> 13 | E38: =IFERROR(VLOOKUP("LANGOSTINO THAI",J:K,2,FALSE),0)+IFERROR(VLOOKUP("LANGOSTINOS CROCANTES CON PALTA BRACEADA",J:K,2,FALSE),0)+IFERROR(VLOOKUP("ARROZ C/LANGOSTINOS",J:K,2,FALSE),0)+IFERROR(VLOOKUP("SALTADO MAR Y TIERRA",J:K,2,FALSE)/2,0)+IFERROR(VLOOKUP("CAUSA DE LANGOSTINOS",J:K,2,FALSE),0)+IFERROR(VLOOKUP("TACU TACU C/ LENGUADO EN SALSA DE LANGOSTINOS",J:K,2,FALSE),0)+IFERROR(VLOOKUP("TACU TACU C/LOMO FINO EN SALSA DE LANGOSTINOS",J:K,2,FALSE),0) -> 0 | H38: =B38+C38-E38 -> 13
D39: =B39+C39 -> 0 | H39: =D39-E39-F39-G39 -> 0
B40: ='28.09.25'!H40
B41: ='28.09.25'!H41
B42: ='28.09.25'!H42
B43: ='28.09.25'!H43
B44: ='28.09.25'!H44
B45: ='28.09.25'!H45

Sheet OCTUBRE

Sheet 01.10.25
A1: KARDEX COCINA - FECHA 01.10.25
A2: ENTRADAS | B2: SALDO INICIAL | C2: INGRESOS | D2: TOTAL | E2: VENTA | F2: MENU | G2: MERMA/ VARIOS | H2: SALDO FINAL | I2: OBSERVACION
A3: TAMALES | B3: ='30.09.25'!H3 -> 0 | D3: =B3+C3 -> 0 | E3: =IFERROR(VLOOKUP("TAMAL DE LA CASA CON ZARZA CRIOLLAL",J:K,2,FALSE),"0") -> 0 | H3: =D3-E3-F3-G3 -> 0 | J3: AJI DE GALLINA | K3: 3
A4: HUMITAS | B4: ='30.09.25'!H4 -> 2 | D4: =B4+C4 -> 2 | E4: =IFERROR(VLOOKUP("HUMITA DOÑA FRESIA C/AJI DE GALLINA",J:K,2,FALSE),"0") -> 2 | H4: =D4-E4-F4-G4 -> 0 | J4: AJIACO DE CUY(1/2 CUY) C/ARROZ | K4: 2
A5: PAPA RELLENA | B5: ='30.09.25'!H5 -> 1 | C5: 5 | D5: =B5+C5 -> 6 | E5: =IFERROR(VLOOKUP(A$5,J:K,2,FALSE),0)+IFERROR(VLOOKUP("PIQUEO PERUANISIMO",J:K,2,FALSE),0) -> 1 | G5: 1 | H5: =D5-E5-F5-G5 -> 4 | I5: MERMA, SE HABRIO | J5: ARROZ C/PATO | K5: 4
A6: SANGRECITA | B6: ='30.09.25'!H6 -> 4 | C6: 6 | D6: =B6+C6 -> 10 | E6: =IFERROR(VLOOKUP("SANGRECITA C/YUCA",J:K,2,FALSE),"0") -> 1 | G6: 4 | H6: =D6-E6-F6-G6 -> 5 | I6: SE ENVIO A SANA ANDRES | J6: ASADO DE RES CON ARROZ Y PURE | K6: 2
A7: AJI DE GALLINA | B7: ='30.09.25'!H7 -> 4 | C7: 4 | D7: =B7+C7 -> 8 | E7: =IFERROR(VLOOKUP("HUMITA DOÑA FRESIA C/AJI DE GALLINA", J:K,2, FALSE)/2, 0) + IFERROR(VLOOKUP("AJI DE GALLINA",J:K,2, FALSE), 0) -> 4 | G7: 2 | H7: =D7-E7-F7-G7 -> 2 | I7: MERMA | J7: CABRITO C/ARROZ FRIJOL Y YUCA | K7: 3
A8: MOLLEJITA | B8: ='30.09.25'!H8 -> 0 | C8: 4 | D8: =B8+C8 -> 4 | E8: =IFERROR(VLOOKUP("MOLLEJITAS GUISADAS",J:K,2,FALSE),"0")+IFERROR(VLOOKUP("PIQUEO DOÑA FRESIA",J:K,2,FALSE),0) -> 0 | H8: =D8-E8-F8-G8 -> 4 | J8: CABRITO DESHUESADO | K8: 1
A9: PATITA | B9: ='30.09.25'!H9 -> 8 | D9: =B9+C9 -> 8 | E9: =IFERROR(VLOOKUP("1/2 PATITA EN FIAMBRE",J:K,2, FALSE)/2, 0) + IFERROR(VLOOKUP("PATITA EN FIAMBRE",J:K, 2, FALSE), 0) -> 1 | G9: 1 | H9: =D9-E9-F9-G9 -> 6 | I9: MERMA, MUY DURA | J9: CARNE DE CERDO ADOBADA | K9: 1
A10: CECINA | B10: ='30.09.25'!H10 -> 4.5 | D10: =B10+C10 -> 4.5 | E10: =IFERROR(VLOOKUP("CECINAS DE LOMO C/YUCA",J:K,2,FALSE),"0")+IFERROR(VLOOKUP("PIQUEO DOÑA FRESIA",J:K,2,FALSE)/2,0) -> 0 | H10: =D10-E10-F10-G10 -> 4.5 | J10: CAUSA DE LA CASA | K10: 5
A11: ADOBO | B11: ='30.09.25'!H11 -> 6 | D11: =B11+C11 -> 6 | E11: =IFERROR(VLOOKUP("CARNE DE CERDO ADOBADA",J:K,2,FALSE),0) -> 1 | H11: =D11-E11-F11-G11 -> 5 | J11: CEVICHE DE LENGUADO | K11: 4
A12: SANCOCHADO | B12: ='30.09.25'!H12 -> 0 | D12: =B12+C12 -> 0 | E12: =IFERROR(VLOOKUP("SANCOCHADO 450g.",J:K,2,FALSE),0) -> 0 | H12: =D12-E12-F12-G12 -> 0 | J12: CEVICHE MIXTO DE MARISCOS | K12: 1
A13: SHAMBAR | B13: ='30.09.25'!H13 -> 5 | D13: =B13+C13 -> 5 | E13: =IFERROR(VLOOKUP(A13,J:K,2,FALSE),0) -> 0 | H13: =D13-E13-F13-G13 -> 5 | J13: CHAUFA DE MARISCOS | K13: 1
A14: CALDO DE GALLINA | B14: ='30.09.25'!H14 -> 0 | D14: =B14+C14 -> 0 | E14: =IFERROR(VLOOKUP(A14,J:K,2,FALSE),0) -> 0 | H14: =D14-E14-F14-G14 -> 0 | J14: CREMA A LA HUANCAÍNA PORC. | K14: 1
A15: GUISOS | J15: DIETA DE POLLO | K15: 1
A16: ASADO | B16: ='30.09.25'!H16 -> 30 | D16: =B16+C16 -> 30 | E16: =IFERROR(VLOOKUP("ASADO DE RES CON ARROZ Y PURE",J:K,2,FALSE),0)+IFERROR(VLOOKUP("FETUCCINI AL P.C/ ASADO DE RES",J:K,2,FALSE),"0")+IFERROR(VLOOKUP("FETUCCINI A LO ALFR.C/ ASADO DE RES",J:K,2,FALSE),"0")+IFERROR(VLOOKUP("FETUCCINI A LA H.C/ ASADO DE RES",J:K,2,FALSE),"0")+IFERROR(VLOOKUP("SANDWICH DE ASADO DE RES",J:K,2,FALSE),0)+IFERROR(VLOOKUP("RISOTTO A LA H. C/ASADO",J:K,2,FALSE),0)+IFERROR(VLOOKUP("RISOTTO AL PESTO C/ASADO",J:K,2,FALSE),0)+IFERROR(VLOOKUP("TACU TACU C/ ASADO DE RES",J:K,2,FALSE),0) -> 4 | H16: =D16-E16-F16-G16 -> 26 | J16: ENSALADA CÉSAR | K16: 1
A17: CUY | B17: ='30.09.25'!H17 -> 9 | D17: =B17+C17 -> 9 | E17: =IFERROR(VLOOKUP("AJIACO DE CUY(1/2 CUY) C/ARROZ",J:K,2,FALSE),"0") -> 2 | H17: =D17-E17-F17-G17 -> 7 | J17: LENGUADO A LA PLANCHA CON ARROZ | K17: 4
A18: ALBONDIGA | B18: ='30.09.25'!H18 -> 3 | D18: =B18+C18 -> 3 | E18: =IFERROR(VLOOKUP("ALBONDIGA CON ARROZ",J:K,2,FALSE),"0") -> 1 | H18: =D18-E18-F18-G18 -> 2 | J18: LENGUADO O SIMILAR AL AJO C/ARROZ | K18: 1
A19: ARROZ C. PATO | B19: ='30.09.25'!H19 -> 0 | C19: 10 | D19: =B19+C19 -> 10 | E19: =IFERROR(VLOOKUP("ARROZ C/PATO DESHUESADO", J:K, 2, FALSE)*2, 0)+IFERROR(VLOOKUP("ARROZ C/PATO",J:K,2,FALSE),"0") -> 8 | G19: 2 | H19: =D19-E19-F19-G19 -> 0 | I19: PASA PARA PATO ESTOFADO | J19: MILANESA DE POLLO | K19: 1
A20: CABRITO NORMAL | B20: ='30.09.25'!H20 -> 35 | D20: =B20+C20 -> 35 | E20: =IFERROR(VLOOKUP("CABRITO C/ TACU TACU",J:K,2,FALSE),"0")+IFERROR(VLOOKUP("CABRITO C/ARROZ FRIJOL Y YUCA",J:K,2,FALSE),"0")+IFERROR(VLOOKUP("PRESA DE CABRITO",J:K,2,FALSE),"0")+IFERROR(VLOOKUP("CABRITO DESHUESADO",J:K,2,FALSE)*2,"0")+IFERROR(VLOOKUP("TACU TACU C/ CABRITO DESHUESADO",J:K,2,FALSE)*2,"0")+IFERROR(VLOOKUP("PIQUEO DOÑA FRESIA",J:K,2,FALSE)*2,"0") -> 7 | H20: =D20-E20-F20-G20 -> 28 | J20: ARROZ C/PATO DESHUESADO | K20: 2
A21: CABRITO DESHUESADO | B21: ='30.09.25'!H21 | J21: FETUCCINI A LO ALFR.C/ ASADO DE RES | K21: 2
A22: PATO ESTOFADO | B22: ='30.09.25'!H22 -> 23 | D22: =B22+C22 -> 23 | E22: =IFERROR(VLOOKUP("PATO ESTOFADO C/ARROZ Y FRIJOL",J:K,2,FALSE),0)+IFERROR(VLOOKUP("PATO ESTOFADO DESHUESADO",J:K,2,FALSE)*2,0)+IFERROR(VLOOKUP("TACU TACU C/ PATO ESTOF. DESHUESADO",J:K,2,FALSE)*2,0)+IFERROR(VLOOKUP("PIQUEO DOÑA FRESIA",J:K,2,FALSE)*2,0)+IFERROR(VLOOKUP("PATO ESTOFADO CON TACU TACU",J:K,2,FALSE),0) -> 0 | H22: =D22-E22-F22-G22 -> 23 | J22: PAPA A LA HUANCAINA | K22: 3
A23: PEPIAN | B23: ='30.09.25'!H23 -> 0 | D23: =B23+C23 -> 0 | E23: =IFERROR(VLOOKUP("PEPIAN DE PAVO",J:K,2,FALSE),"0")+IFERROR(VLOOKUP("PRESA DE PAVA",J:K,2,FALSE),0)+IFERROR(VLOOKUP("SANDWICH DE PAVO",J:K,2,FALSE),0) -> 0 | H23: =D23-E23-F23-G23 -> 0 | J23: SANGRECITA C/YUCA | K23: 1
A24: CORVINA GUISADA | B24: ='30.09.25'!H24 -> 5 | D24: =B24+C24 -> 5 | E24: =IFERROR(VLOOKUP("CORVINA GUISADA C/E CHOCLO",J:K,2,FALSE),"0") -> 2 | G24: 1 | H24: =D24-E24-F24-G24 -> 2 | I24: MERMA , CLIENTE LO DEVOLVIO POR ESTAR CRUDA | J24: TACU TACU C/ CABRITO DESHUESADO | K24: 1
A25: FRITURAS | J25: TRIO DE CAUSAS | K25: 2
A26: LOMO SALTADO | B26: ='30.09.25'!H26 -> 5.5 | C26: 5 | D26: =B26+C26 -> 10.5 | E26: =IFERROR(VLOOKUP("LOMO SALTADO C/ARROZ",J:K,2,FALSE),0)+IFERROR(VLOOKUP("TACU TACU C/ LOMO SALTADO",J:K,2,FALSE),0)+IFERROR(VLOOKUP("LOMO SALTADO A LO POBRE",J:K,2,FALSE),0)++IFERROR(VLOOKUP("FETUCCINI AL P.C/ LOMO SALTADO",J:K,2,FALSE),"0")+IFERROR(VLOOKUP("FETUCCINI A LO ALFR.C/ LOMO SALTADO",J:K,2,FALSE),"0")+IFERROR(VLOOKUP("FETUCCINI A LA H.C/ LOMO SALTADO",J:K,2,FALSE),"0")+IFERROR(VLOOKUP("RISOTTO A LA H. C/ LOMO SALTADO",J:K,2,FALSE),0)+IFERROR(VLOOKUP("RISOTTO PESTO C/LOMO SALTADO",J:K,2,FALSE),0)+IFERROR(VLOOKUP("CAUSA DE LOMO FINO SALTADO",J:K,2,FALSE)/2,0)+IFERROR(VLOOKUP("LOMO SALTADO A NUESTRO ESTILO",J:K,2,FALSE),0)+IFERROR(VLOOKUP("SANDWICH DE LOMO FINO SALTADO",J:K,2,FALSE)/2,0)+IFERROR(VLOOKUP("LOMO SALTADO C/ ARROZ Y FRIJOL",J:K,2,FALSE),0)+IFERROR(VLOOKUP("SALTADO MAR Y TIERRA ",$J:$K,2,FALSE)/2,0)+IFERROR(VLOOKUP("LOMO EN NUESTRO ESTILO",$J:$K,2,FALSE),0) -> 3 | H26: =D26-E26-F26-G26 -> 7.5 | J26: FETUCCINI A LO ALFR.C/ LOMO SALTADO | K26: 1
A27: FILETE DE POLLO CARTA | B27: ='30.09.25'!H27 -> 5 | C27: 5 | D27: =B27+C27 -> 10 | E27: =IFERROR(VLOOKUP("FILETE DE POLLO A LA PLANCHA",J:K,2,FALSE),"0")+IFERROR(VLOOKUP("FETUCCINI A LO ALFR.C/ FILETE DE POLLO",J:K,2,FALSE),"0")+IFERROR(VLOOKUP("FETUCCINI A LA H.C/ FILETE DE POLLO",J:K,2,FALSE),"0")+IFERROR(VLOOKUP("FETUCCINI AL P.C/ FILETE DE POLLO",J:K,2,FALSE),"0")+IFERROR(VLOOKUP("PIQUEO PERUANISIMO",J:K,2,FALSE)*2,0)+IFERROR(VLOOKUP("DIETA DE POLLO",J:K,2,FALSE),0)+IFERROR(VLOOKUP("RISOTTO PESTO C/FILETE DE POLLO",J:K,2,FALSE),0)+IFERROR(VLOOKUP("POLLO SALTADO C/ ARROZ Y PAPAS FRITAS",J:K,2,FALSE),0)+IFERROR(VLOOKUP("PRESA DE FILETE DE POLLO",J:K,2,FALSE),0)+IFERROR(VLOOKUP("SALTADO MAR Y TIERRA ",J:K,2,FALSE)/2,0)+IFERROR(VLOOKUP("CAUSA DE POLLO ",J:K,2,FALSE),0)+IFERROR(VLOOKUP("SANDWICH DE POLLO ",J:K,2,FALSE),0) -> 2 | H27: =D27-E27-F27-G27 -> 8 | J27: HUMITA DOÑA FRESIA C/AJI DE GALLINA | K27: 2
A28: MILANESA CARTA | B28: ='30.09.25'!H28 -> 7 | D28: =B28+C28 -> 7 | E28: =IFERROR(VLOOKUP("MILANESA DE POLLO",J:K,2,FALSE),"0")+IFERROR(VLOOKUP("FETUCCINI AL P.C/ MILANESA",J:K,2,FALSE),"0")+IFERROR(VLOOKUP("FETUCCINI A LO ALFR.C/ MILANESA",J:K,2,FALSE),"0")+IFERROR(VLOOKUP("FETUCCINI A LA H.C/ MILANESA",J:K,2,FALSE),"0")+IFERROR(VLOOKUP("MILANESA DE POLLO A LO POBRE",J:K,2,FALSE),"0")+IFERROR(VLOOKUP("RISOTTO PESTO C/MILANESA",J:K,2,FALSE),0)+IFERROR(VLOOKUP("TACU TACU C/ MILANESA",J:K,2,FALSE),0)+IFERROR(VLOOKUP("RISOTTO A LA H. C/MILANESA DE POLLO",J:K,2,FALSE),0) -> 1 | H28: =D28-E28-F28-G28 -> 6 | J28: ALBONDIGA CON ARROZ | K28: 1
A29: BISTEC CARTA | B29: ='30.09.25'!H29 -> 3 | C29: 5 | D29: =B29+C29 -> 8 | E29: =IFERROR(VLOOKUP("TACU TACU C/ BISTEC A LO POBRE",J:K,2,FALSE),0)+IFERROR(VLOOKUP("BISTEC DE LOMO FINO A LO POBRE",J:K,2,FALSE),0)+IFERROR(VLOOKUP("FETUCCINI AL P.C/ BISTEC DE LOMO 250 G",J:K,2,FALSE),"0")+IFERROR(VLOOKUP("FETUCCINI A LO ALFR.C/ BISTEC DE LOMO 250 G",J:K,2,FALSE),"0")+IFERROR(VLOOKUP("FETUCCINI A LA H.C/ BISTEC DE LOMO 250 G",J:K,2,FALSE),"0")+IFERROR(VLOOKUP("FETUCCINI AL P.C/ BISTEC DE LOMO APANADO",J:K,2,FALSE),"0")+IFERROR(VLOOKUP("FETUCCINI A LO ALFR.C/ BISTEC DE LOMO APANADO",J:K,2,FALSE),"0")+IFERROR(VLOOKUP("FETUCCINI A LA H.C/ BISTEC DE LOMO APANADO",J:K,2,FALSE),"0")+IFERROR(VLOOKUP("RISOTTO A LA H. BISTEC DE LOMO 250 G",J:K,2,FALSE),0)+IFERROR(VLOOKUP("RISOTTO PESTO C/BISTEC DE LOMO 250 G",J:K,2,FALSE),0)+IFERROR(VLOOKUP("BISTEC DE LOMO FINO A LA PLANCHA",J:K,2,FALSE),0)+IFERROR(VLOOKUP("LOMO A LAS 3 PIMIENTAS",J:K,2,FALSE),0)+IFERROR(VLOOKUP("LOMO FINO EN SALSA D CHAMPIÑONES",J:K,2,FALSE),0)+IFERROR(VLOOKUP("BISTEC DE LOMO FINO APANADO",J:K,2,FALSE),0)+IFERROR(VLOOKUP("TACU TACU C/LOMO FINO EN SALSA DE LANGOSTINOS",J:K,2,FALSE),0) -> 0 | H29: =D29-E29-F29-G29 -> 8 | J29: CORVINA GUISADA C/E CHOCLO | K29: 2
A30: CHICHARRON DE POLLO | B30: ='30.09.25'!H30 -> 0 | D30: =B30+C30 -> 0 | E30: =IFERROR(VLOOKUP("CHICHARRON DE POLLO C/ PAPAS FRITAS",J:K,2,FALSE),0)+IFERROR(VLOOKUP("1/2 PORC. CHICHARRON DE POLLO",J:K,2,FALSE),0) -> 0 | H30: =D30-E30-F30-G30 -> 0 | J30: FILETE DE POLLO A LA PLANCHA | K30: 1
A31: PESCADOS Y MARISCOS | D31: =B31+C31 -> 0 | J31: LOMO SALTADO C/ARROZ | K31: 2
A32: LENGUADO | B32: ='30.09.25'!H32 -> 9 | C32: 15 | D32: =B32+C32 -> 24 | E32: =IFERROR(VLOOKUP("CEVICHE MIXTO DE MARISCOS",J:K,2,FALSE),0)+IFERROR(VLOOKUP("CEVICHE DE LENGUADO",J:K,2,FALSE),0)+IFERROR(VLOOKUP("LENGUADO A LA PLANCHA CON ARROZ",J:K,2,FALSE),0)+IFERROR(VLOOKUP("LENGUADO A LO MACHO CON YUCA",J:K,2,FALSE),0)+IFERROR(VLOOKUP("LENGUADO APANADA C/ARROZ Y FRIJOL",J:K,2,FALSE),0)+IFERROR(VLOOKUP("LENGUADO ESCABECHADO C/ARROZ Y CAMOTE",J:K,2,FALSE),0)+IFERROR(VLOOKUP("TACU TACU C/ LENGUADO EN SALSA DE LANGOSTINOS",J:K,2,FALSE),0)+IFERROR(VLOOKUP("TACU TACU C/LENGUADO EN SALSA DE MARISCOS",J:K,2,FALSE),0)+IFERROR(VLOOKUP("TIRADITO DE LENGUADO A LAS DOS CREMAS",J:K,2,FALSE),0)+IFERROR(VLOOKUP("TIRADITO DE LENGUADO O SIMILAR",J:K,2,FALSE),0)+IFERROR(VLOOKUP("CHICHARRON DE LENGUADO",J:K,2,FALSE),0)+IFERROR(VLOOKUP("JALEA DE LENGUADO O SIMILAR",J:K,2,FALSE),0)+IFERROR(VLOOKUP("LENGUADO O CORVINA FRITA C/ARROZ Y YUCA",J:K,FALSE),0)+IFERROR(VLOOKUP("LENGUADO O CORVINA FRITA EN S/MARISCOS",J:K,2,FALSE),0)+IFERROR(VLOOKUP("LENGUADO O SIMILAR AL AJO C/ARROZ",J:K,2,FALSE),0)+IFERROR(VLOOKUP("LENGUADO A LA MEUNIERE",J:K,2,FALSE),0)+IFERROR(VLOOKUP("TACU TACU C/ LENGUADO A LO MACHO",J:K,2,FALSE),0)+IFERROR(VLOOKUP("CHICHARRON MIXTO DE MARISCOS",J:K,2,FALSE),0)+IFERROR(VLOOKUP("FUENTE DE CEVICHE DE CORVINA O LENGUADO",J:K,2,FALSE)*2,0)+IFERROR(VLOOKUP("CAUSA DE LA CASA ",J:K,2,FALSE),0)+IFERROR(VLOOKUP("TACU TACU C/ LENGUDO EN SALSA DE LANGOSTINOS",J:K,2,FALSE),0) -> 10 | H32: =D32-E32-F32-G32 -> 14 | J32: DIETA DE POLLO | K32: 2
A33: CORVINA | B33: ='30.09.25'!H33 -> 7 | D33: =B33+C33 -> 7 | E33: =IFERROR(VLOOKUP("CORVINA SUDADA",J:K,2,FALSE),0)+IFERROR(VLOOKUP("CHUPE DE CORVINA",J:K,2,FALSE),0) -> 0 | H33: =D33-E33-F33-G33 -> 7 | J33: PAPA RELLENA | K33: 1
A34: PULPO | B34: ='30.09.25'!H34 -> 4 | C34: 20 | D34: =B34+C34 -> 24 | E34: =IFERROR(VLOOKUP("PULPO ANTICUCHERO 250G",J:K,2,FALSE),0)+IFERROR(VLOOKUP("PULPO AL OLIVO 200G",J:K,2,FALSE),0)+IFERROR(VLOOKUP("CEVICHE DE PULPO",J:K,2,FALSE),0)+IFERROR(VLOOKUP("CAUSA DE PULPO AL OLIVO",J:K,2,FALSE),0)+IFERROR(VLOOKUP("CEVICHE DE PULPO",J:K,2,FALSE)*2,0)+IFERROR(VLOOKUP("TRES CAUSAS UNA PARRILLA",J:K,2,FALSE)/2,0) -> 0 | H34: =D34-E34-F34-G34 -> 24 | J34: PATITA EN FIAMBRE | K34: 1
A35: CAMARON | B35: ='30.09.25'!H35 -> 0 | D35: =B35+C35 -> 0 | E35: =IFERROR(VLOOKUP("CHUPE DE CAMARORES",J:K,2,FALSE),0)+IFERROR(VLOOKUP("CAMARONES AL AJO",J:K,2,FALSE),0)+IFERROR(VLOOKUP("CEVICHE DE CAMARONES",J:K,2,FALSE),0)+IFERROR(VLOOKUP("ARROZ CON CAMARONES",J:K,2,FALSE),0)+IFERROR(VLOOKUP("CAUSA DE CAMARONES",J:K,2,FALSE),0) -> 0 | H35: =D35-E35-F35-G35 -> 0
A36: MIXTURA | B36: ='30.09.25'!H36 -> 17 | C36: 10 | D36: =B36+C36 -> 27 | E36: =IFERROR(VLOOKUP("PIQUEO FRUTOS DEL MAR",J:K,2,FALSE)*2,0)+IFERROR(VLOOKUP("CEVICHE MIXTO DE MARISCOS",J:K,2,FALSE),0)+IFERROR(VLOOKUP("ARROZ C/MARISCOS",J:K,2,FALSE),0)+IFERROR(VLOOKUP("TORTILLA DE MARISCOS C/ ARROZ",J:K,2,FALSE),0)+IFERROR(VLOOKUP("CHAUFA DE MARISCOS",J:K,2,FALSE),0)+IFERROR(VLOOKUP("PARIHUELA DE MARISCOS",J:K,2,FALSE),0)+IFERROR(VLOOKUP("PICANTE DE MARISCOS",J:K,2,FALSE),0)+IFERROR(VLOOKUP("TACU TACU EN SALSA DE MARISCOS",J:K,2,FALSE),0)+IFERROR(VLOOKUP("TRÍO DE CAUSAS",J:K,2,FALSE),0)+IFERROR(VLOOKUP("CHICHARRON MIXTO DE MARISCOS",J:K,2,FALSE),0)+IFERROR(VLOOKUP("LENGUADO O CORVINA FRITA EN S/MARISCOS",J:K,2,FALSE),0)+IFERROR(VLOOKUP("TACU TACU C/LENGUADO EN SALSA DE MARISCOS",J:K,2,FALSE),0)+IFERROR(VLOOKUP("RISOTTO FRUTOS DEL MAR",J:K,2,FALSE),0)+IFERROR(VLOOKUP("TRES CAUSAS UNA PARRILLA",J:K,2,FALSE)/2,0) -> 2 | H36: =D36-E36-F36-G36 -> 25
A37: TOLLO | B37: ='30.09.25'!H37 -> 5.5 | D37: =B37+C37 -> 5.5 | E37: =IFERROR(VLOOKUP("PIQUEO FRUTOS DEL MAR",J:K,2,FALSE)*2,0)+IFERROR(VLOOKUP("CHICHARRON PESCA DEL DIA",J:K,2,FALSE),0)+IFERROR(VLOOKUP("CEVICHE PESCA DEL DIA",J:K,2,FALSE),0)+IFERROR(VLOOKUP("LECHE DE TIGRE",J:K,2,FALSE),0)+IFERROR(VLOOKUP("1/2 LECHE DE TIGRE",J:K,2,FALSE)/2,0)+IFERROR(VLOOKUP("TRILOGIA DE LECHES DE TIGRE ",J:K,2,FALSE),0)+IFERROR(VLOOKUP("CAUSA EN SALSA ACEVICHADA ",J:K,2,FALSE),0)+IFERROR(VLOOKUP("CAUSA DE LA CASA",J:K,2,FALSE),0) -> 5 | H37: =D37-E37-F37-G37 -> 0.5
A38: LANGOSTINO | B38: ='30.09.25'!H38 -> 13 | D38: =B38+C38 -> 13 | E38: =IFERROR(VLOOKUP("LANGOSTINO THAI",J:K,2,FALSE),0)+IFERROR(VLOOKUP("LANGOSTINOS CROCANTES CON PALTA BRACEADA",J:K,2,FALSE),0)+IFERROR(VLOOKUP("ARROZ C/LANGOSTINOS",J:K,2,FALSE),0)+IFERROR(VLOOKUP("SALTADO MAR Y TIERRA",J:K,2,FALSE)/2,0)+IFERROR(VLOOKUP("CAUSA DE LANGOSTINOS",J:K,2,FALSE),0)+IFERROR(VLOOKUP("TACU TACU C/ LENGUADO EN SALSA DE LANGOSTINOS",J:K,2,FALSE),0)+IFERROR(VLOOKUP("TACU TACU C/LOMO FINO EN SALSA DE LANGOSTINOS",J:K,2,FALSE),0) -> 0 | H38: =D38-E38-F38-G38 -> 13
B40: ='28.09.25'!H40
B41: ='28.09.25'!H41
B42: ='28.09.25'!H42
B43: ='28.09.25'!H43
B44: ='28.09.25'!H44
B45: ='28.09.25'!H45

Sheet 02.10.25
A1: KARDEX COCINA - FECHA 02.10.25
A2: ENTRADAS | B2: SALDO INICIAL | C2: INGRESOS | D2: TOTAL | E2: VENTA | F2: MENU | G2: MERMA/ VARIOS | H2: SALDO FINAL | I2: OBSERVACION
A3: TAMALES | B3: ='01.10.25'!H3 -> 0 | D3: =B3+C3 -> 0 | E3: =IFERROR(VLOOKUP("TAMAL DE LA CASA CON ZARZA CRIOLLAL",J:K,2,FALSE),"0") -> 0 | H3: =D3-E3-F3-G3 -> 0 | J3: AJIACO DE CUY(1/2 CUY) C/ARROZ | K3: 3
A4: HUMITAS | B4: ='01.10.25'!H4 -> 0 | C4: 10 | D4: =B4+C4 -> 10 | E4: =IFERROR(VLOOKUP("HUMITA DOÑA FRESIA C/AJI DE GALLINA",J:K,2,FALSE),"0") -> 2 | H4: =D4-E4-F4-G4 -> 8 | J4: ALBONDIGA CON ARROZ | K4: 2
A5: PAPA RELLENA | B5: ='01.10.25'!H5 -> 4 | D5: =B5+C5 -> 4 | E5: =IFERROR(VLOOKUP(A$5,J:K,2,FALSE),0)+IFERROR(VLOOKUP("PIQUEO PERUANISIMO",J:K,2,FALSE),0) -> 1 | H5: =D5-E5-F5-G5 -> 3 | J5: ARROZ C/MARISCOS | K5: 3
A6: SANGRECITA | B6: ='01.10.25'!H6 -> 5 | C6: 6 | D6: =B6+C6 -> 11 | E6: =IFERROR(VLOOKUP("SANGRECITA C/YUCA",J:K,2,FALSE),"0") -> 4 | H6: =D6-E6-F6-G6 -> 7 | J6: ARROZ C/PATO | K6: 1
A7: AJI DE GALLINA | B7: ='01.10.25'!H7 -> 2 | C7: 7 | D7: =B7+C7 -> 9 | E7: =IFERROR(VLOOKUP("HUMITA DOÑA FRESIA C/AJI DE GALLINA", J:K,2, FALSE)/2, 0) + IFERROR(VLOOKUP("AJI DE GALLINA",J:K,2, FALSE), 0) -> 3 | H7: =D7-E7-F7-G7 -> 6 | J7: ASADO DE RES CON ARROZ Y PURE | K7: 2
A8: MOLLEJITA | B8: ='01.10.25'!H8 -> 4 | D8: =B8+C8 -> 4 | E8: =IFERROR(VLOOKUP("MOLLEJITAS GUISADAS",J:K,2,FALSE),"0")+IFERROR(VLOOKUP("PIQUEO DOÑA FRESIA",J:K,2,FALSE),0) -> 1 | H8: =D8-E8-F8-G8 -> 3 | J8: BISTEC DE LOMO FINO A LO POBRE | K8: 4
A9: PATITA | B9: ='01.10.25'!H9 -> 6 | D9: =B9+C9 -> 6 | E9: =IFERROR(VLOOKUP("1/2 PATITA EN FIAMBRE",J:K,2, FALSE)/2, 0) + IFERROR(VLOOKUP("PATITA EN FIAMBRE",J:K, 2, FALSE), 0) -> 1 | H9: =D9-E9-F9-G9 -> 5 | J9: CABRITO C/ARROZ FRIJOL Y YUCA | K9: 7
A10: CECINA | B10: ='01.10.25'!H10 -> 4.5 | D10: =B10+C10 -> 4.5 | E10: =IFERROR(VLOOKUP("CECINAS DE LOMO C/YUCA",J:K,2,FALSE),"0")+IFERROR(VLOOKUP("PIQUEO DOÑA FRESIA",J:K,2,FALSE)/2,0) -> 1 | H10: =D10-E10-F10-G10 -> 3.5 | J10: CABRITO DESHUESADO | K10: 10
A11: ADOBO | B11: ='01.10.25'!H11 -> 5 | C11: 5 | D11: =B11+C11 -> 10 | E11: =IFERROR(VLOOKUP("CARNE DE CERDO ADOBADA",J:K,2,FALSE),0) -> 2 | H11: =D11-E11-F11-G11 -> 8 | J11: CARNE DE CERDO ADOBADA | K11: 2
A12: SANCOCHADO | B12: ='01.10.25'!H12 -> 0 | C12: 6 | D12: =B12+C12 -> 6 | E12: =IFERROR(VLOOKUP("SANCOCHADO 450g.",J:K,2,FALSE),0) -> 6 | H12: =D12-E12-F12-G12 -> 0 | J12: CHICHARRON DE LENGUADO | K12: 1
A13: SHAMBAR | B13: ='01.10.25'!H13 -> 5 | D13: =B13+C13 -> 5 | E13: =IFERROR(VLOOKUP(A13,J:K,2,FALSE),0) -> 0 | H13: =D13-E13-F13-G13 -> 5 | J13: CORVINA GUISADA C/E CHOCLO | K13: 1
A14: CALDO DE GALLINA | B14: ='01.10.25'!H14 -> 0 | D14: =B14+C14 -> 0 | E14: =IFERROR(VLOOKUP(A14,J:K,2,FALSE),0) -> 0 | H14: =D14-E14-F14-G14 -> 0 | J14: CORVINA SUDADA | K14: 1
A15: GUISOS | J15: ENSALADA MIXTA PERSONAL | K15: 1
A16: ASADO | B16: ='01.10.25'!H16 -> 26 | D16: =B16+C16 -> 26 | E16: =IFERROR(VLOOKUP("ASADO DE RES CON ARROZ Y PURE",J:K,2,FALSE),0)+IFERROR(VLOOKUP("FETUCCINI AL P.C/ ASADO DE RES",J:K,2,FALSE),"0")+IFERROR(VLOOKUP("FETUCCINI A LO ALFR.C/ ASADO DE RES",J:K,2,FALSE),"0")+IFERROR(VLOOKUP("FETUCCINI A LA H.C/ ASADO DE RES",J:K,2,FALSE),"0")+IFERROR(VLOOKUP("SANDWICH DE ASADO DE RES",J:K,2,FALSE),0)+IFERROR(VLOOKUP("RISOTTO A LA H. C/ASADO",J:K,2,FALSE),0)+IFERROR(VLOOKUP("RISOTTO AL PESTO C/ASADO",J:K,2,FALSE),0)+IFERROR(VLOOKUP("TACU TACU C/ ASADO DE RES",J:K,2,FALSE),0) -> 2 | H16: =D16-E16-F16-G16 -> 24 | J16: FETUCCINI A LO ALFR.C/ LOMO SALTADO | K16: 1
A17: CUY | B17: ='01.10.25'!H17 -> 7 | D17: =B17+C17 -> 7 | E17: =IFERROR(VLOOKUP("AJIACO DE CUY(1/2 CUY) C/ARROZ",J:K,2,FALSE),"0") -> 3 | H17: =D17-E17-F17-G17 -> 4 | J17: FILETE DE POLLO A LA PLANCHA | K17: 1
A18: ALBONDIGA | B18: ='01.10.25'!H18 -> 2 | C18: 3 | D18: =B18+C18 -> 5 | E18: =IFERROR(VLOOKUP("ALBONDIGA CON ARROZ",J:K,2,FALSE),"0") -> 2 | H18: =D18-E18-F18-G18 -> 3 | J18: HUMITA DOÑA FRESIA C/AJI DE GALLINA | K18: 2
A19: ARROZ C. PATO | B19: ='01.10.25'!H19 -> 0 | C19: 10 | D19: =B19+C19 -> 10 | E19: =IFERROR(VLOOKUP("ARROZ C/PATO DESHUESADO", J:K, 2, FALSE)*2, 0)+IFERROR(VLOOKUP("ARROZ C/PATO",J:K,2,FALSE),"0") -> 3 | G19: 7 | H19: =D19-E19-F19-G19 -> 0 | I19: PASAN PARA EL PATO ESTOFADO | J19: LENGUADO APANADO C/ARROZ Y FRIJOL | K19: 2
A20: CABRITO NORMAL | B20: ='01.10.25'!H20 -> 28 | C20: 20 | D20: =B20+C20 -> 48 | E20: =IFERROR(VLOOKUP("CABRITO C/ TACU TACU",J:K,2,FALSE),"0")+IFERROR(VLOOKUP("CABRITO C/ARROZ FRIJOL Y YUCA",J:K,2,FALSE),"0")+IFERROR(VLOOKUP("PRESA DE CABRITO",J:K,2,FALSE),"0")+IFERROR(VLOOKUP("CABRITO DESHUESADO",J:K,2,FALSE)*2,"0")+IFERROR(VLOOKUP("TACU TACU C/ CABRITO DESHUESADO",J:K,2,FALSE)*2,"0")+IFERROR(VLOOKUP("PIQUEO DOÑA FRESIA",J:K,2,FALSE)*2,"0") -> 27 | H20: =D20-E20-F20-G20 -> 21 | J20: LOMO SALTADO A LO POBRE | K20: 3
A21: CABRITO DESHUESADO | B21: ='01.10.25'!H21 | D21: =B21+C21 -> 0 | J21: MILANESA DE POLLO | K21: 1
A22: PATO ESTOFADO | B22: ='01.10.25'!H22 -> 23 | C22: 10 | D22: =B22+C22 -> 33 | E22: =IFERROR(VLOOKUP("PATO ESTOFADO C/ARROZ Y FRIJOL",J:K,2,FALSE),0)+IFERROR(VLOOKUP("PATO ESTOFADO DESHUESADO",J:K,2,FALSE)*2,0)+IFERROR(VLOOKUP("TACU TACU C/ PATO ESTOF. DESHUESADO",J:K,2,FALSE)*2,0)+IFERROR(VLOOKUP("PIQUEO DOÑA FRESIA",J:K,2,FALSE)*2,0)+IFERROR(VLOOKUP("PATO ESTOFADO CON TACU TACU",J:K,2,FALSE),0) -> 9 | H22: =D22-E22-F22-G22 -> 24 | J22: MOLLEJITAS GUISADAS | K22: 1
A23: PEPIAN | B23: ='01.10.25'!H23 -> 0 | D23: =B23+C23 -> 0 | E23: =IFERROR(VLOOKUP("PEPIAN DE PAVO",J:K,2,FALSE),"0")+IFERROR(VLOOKUP("PRESA DE PAVA",J:K,2,FALSE),0)+IFERROR(VLOOKUP("SANDWICH DE PAVO",J:K,2,FALSE),0) -> 0 | H23: =D23-E23-F23-G23 -> 0 | J23: PAPA A LA HUANCAINA | K23: 3
A24: CORVINA GUISADA | B24: ='01.10.25'!H24 -> 2 | C24: 3 | D24: =B24+C24 -> 5 | E24: =IFERROR(VLOOKUP("CORVINA GUISADA C/E CHOCLO",J:K,2,FALSE),"0") -> 1 | H24: =D24-E24-F24-G24 -> 4 | J24: PATITA EN FIAMBRE | K24: 1
A25: FRITURAS | J25: PATO ESTOFADO C/ARROZ Y FRIJOL | K25: 7
A26: LOMO SALTADO | B26: ='01.10.25'!H26 -> 7.5 | C26: 10 | D26: =B26+C26 -> 17.5 | E26: =IFERROR(VLOOKUP("LOMO SALTADO C/ARROZ",J:K,2,FALSE),0)+IFERROR(VLOOKUP("TACU TACU C/ LOMO SALTADO",J:K,2,FALSE),0)+IFERROR(VLOOKUP("LOMO SALTADO A LO POBRE",J:K,2,FALSE),0)++IFERROR(VLOOKUP("FETUCCINI AL P.C/ LOMO SALTADO",J:K,2,FALSE),"0")+IFERROR(VLOOKUP("FETUCCINI A LO ALFR.C/ LOMO SALTADO",J:K,2,FALSE),"0")+IFERROR(VLOOKUP("FETUCCINI A LA H.C/ LOMO SALTADO",J:K,2,FALSE),"0")+IFERROR(VLOOKUP("RISOTTO A LA H. C/ LOMO SALTADO",J:K,2,FALSE),0)+IFERROR(VLOOKUP("RISOTTO PESTO C/LOMO SALTADO",J:K,2,FALSE),0)+IFERROR(VLOOKUP("CAUSA DE LOMO FINO SALTADO",J:K,2,FALSE)/2,0)+IFERROR(VLOOKUP("LOMO SALTADO A NUESTRO ESTILO",J:K,2,FALSE),0)+IFERROR(VLOOKUP("SANDWICH DE LOMO FINO SALTADO",J:K,2,FALSE)/2,0)+IFERROR(VLOOKUP("LOMO SALTADO C/ ARROZ Y FRIJOL",J:K,2,FALSE),0)+IFERROR(VLOOKUP("SALTADO MAR Y TIERRA ",$J:$K,2,FALSE)/2,0)+IFERROR(VLOOKUP("LOMO EN NUESTRO ESTILO",$J:$K,2,FALSE),0) -> 5 | H26: =D26-E26-F26-G26 -> 12.5 | J26: PATO ESTOFADO DESHUESADO | K26: 1
A27: FILETE DE POLLO CARTA | B27: ='01.10.25'!H27 -> 8 | D27: =B27+C27 -> 8 | E27: =IFERROR(VLOOKUP("FILETE DE POLLO A LA PLANCHA",J:K,2,FALSE),"0")+IFERROR(VLOOKUP("FETUCCINI A LO ALFR.C/ FILETE DE POLLO",J:K,2,FALSE),"0")+IFERROR(VLOOKUP("FETUCCINI A LA H.C/ FILETE DE POLLO",J:K,2,FALSE),"0")+IFERROR(VLOOKUP("FETUCCINI AL P.C/ FILETE DE POLLO",J:K,2,FALSE),"0")+IFERROR(VLOOKUP("PIQUEO PERUANISIMO",J:K,2,FALSE)*2,0)+IFERROR(VLOOKUP("DIETA DE POLLO",J:K,2,FALSE),0)+IFERROR(VLOOKUP("RISOTTO PESTO C/FILETE DE POLLO",J:K,2,FALSE),0)+IFERROR(VLOOKUP("POLLO SALTADO C/ ARROZ Y PAPAS FRITAS",J:K,2,FALSE),0)+IFERROR(VLOOKUP("PRESA DE FILETE DE POLLO",J:K,2,FALSE),0)+IFERROR(VLOOKUP("SALTADO MAR Y TIERRA ",J:K,2,FALSE)/2,0)+IFERROR(VLOOKUP("CAUSA DE POLLO ",J:K,2,FALSE),0)+IFERROR(VLOOKUP("SANDWICH DE POLLO ",J:K,2,FALSE),0) -> 1 | H27: =D27-E27-F27-G27 -> 7 | J27: SANCOCHADO 450g. | K27: 6
A28: MILANESA CARTA | B28: ='01.10.25'!H28 -> 6 | C28: 5 | D28: =B28+C28 -> 11 | E28: =IFERROR(VLOOKUP("MILANESA DE POLLO",J:K,2,FALSE),"0")+IFERROR(VLOOKUP("FETUCCINI AL P.C/ MILANESA",J:K,2,FALSE),"0")+IFERROR(VLOOKUP("FETUCCINI A LO ALFR.C/ MILANESA",J:K,2,FALSE),"0")+IFERROR(VLOOKUP("FETUCCINI A LA H.C/ MILANESA",J:K,2,FALSE),"0")+IFERROR(VLOOKUP("MILANESA DE POLLO A LO POBRE",J:K,2,FALSE),"0")+IFERROR(VLOOKUP("RISOTTO PESTO C/MILANESA",J:K,2,FALSE),0)+IFERROR(VLOOKUP("TACU TACU C/ MILANESA",J:K,2,FALSE),0)+IFERROR(VLOOKUP("RISOTTO A LA H. C/MILANESA DE POLLO",J:K,2,FALSE),0) -> 1 | H28: =D28-E28-F28-G28 -> 10 | J28: SANGRECITA C/YUCA | K28: 4
A29: BISTEC CARTA | B29: ='01.10.25'!H29 -> 8 | D29: =B29+C29 -> 8 | E29: =IFERROR(VLOOKUP("TACU TACU C/ BISTEC A LO POBRE",J:K,2,FALSE),0)+IFERROR(VLOOKUP("BISTEC DE LOMO FINO A LO POBRE",J:K,2,FALSE),0)+IFERROR(VLOOKUP("FETUCCINI AL P.C/ BISTEC DE LOMO 250 G",J:K,2,FALSE),"0")+IFERROR(VLOOKUP("FETUCCINI A LO ALFR.C/ BISTEC DE LOMO 250 G",J:K,2,FALSE),"0")+IFERROR(VLOOKUP("FETUCCINI A LA H.C/ BISTEC DE LOMO 250 G",J:K,2,FALSE),"0")+IFERROR(VLOOKUP("FETUCCINI AL P.C/ BISTEC DE LOMO APANADO",J:K,2,FALSE),"0")+IFERROR(VLOOKUP("FETUCCINI A LO ALFR.C/ BISTEC DE LOMO APANADO",J:K,2,FALSE),"0")+IFERROR(VLOOKUP("FETUCCINI A LA H.C/ BISTEC DE LOMO APANADO",J:K,2,FALSE),"0")+IFERROR(VLOOKUP("RISOTTO A LA H. BISTEC DE LOMO 250 G",J:K,2,FALSE),0)+IFERROR(VLOOKUP("RISOTTO PESTO C/BISTEC DE LOMO 250 G",J:K,2,FALSE),0)+IFERROR(VLOOKUP("BISTEC DE LOMO FINO A LA PLANCHA",J:K,2,FALSE),0)+IFERROR(VLOOKUP("LOMO A LAS 3 PIMIENTAS",J:K,2,FALSE),0)+IFERROR(VLOOKUP("LOMO FINO EN SALSA D CHAMPIÑONES",J:K,2,FALSE),0)+IFERROR(VLOOKUP("BISTEC DE LOMO FINO APANADO",J:K,2,FALSE),0)+IFERROR(VLOOKUP("TACU TACU C/LOMO FINO EN SALSA DE LANGOSTINOS",J:K,2,FALSE),0) -> 5 | H29: =D29-E29-F29-G29 -> 3 | J29: TRILOGIA DE LECHES DE TIGRE | K29: 1
A30: CHICHARRON DE POLLO | B30: ='01.10.25'!H30 -> 0 | D30: =B30+C30 -> 0 | E30: =IFERROR(VLOOKUP("CHICHARRON DE POLLO C/ PAPAS FRITAS",J:K,2,FALSE),0)+IFERROR(VLOOKUP("1/2 PORC. CHICHARRON DE POLLO",J:K,2,FALSE),0) -> 0 | H30: =D30-E30-F30-G30 -> 0 | J30: YUCA FRITA PORCION | K30: 1
A31: PESCADOS Y MARISCOS | D31: =B31+C31 -> 0 | H31: =D31-E31-F31-G31 -> 0 | J31: AJI DE GALLINA | K31: 2
A32: LENGUADO | B32: ='01.10.25'!H32 -> 14 | D32: =B32+C32 -> 14 | E32: =IFERROR(VLOOKUP("CEVICHE MIXTO DE MARISCOS",J:K,2,FALSE),0)+IFERROR(VLOOKUP("CEVICHE DE LENGUADO",J:K,2,FALSE),0)+IFERROR(VLOOKUP("LENGUADO A LA PLANCHA CON ARROZ",J:K,2,FALSE),0)+IFERROR(VLOOKUP("LENGUADO A LO MACHO CON YUCA",J:K,2,FALSE),0)+IFERROR(VLOOKUP("LENGUADO APANADA C/ARROZ Y FRIJOL",J:K,2,FALSE),0)+IFERROR(VLOOKUP("LENGUADO ESCABECHADO C/ARROZ Y CAMOTE",J:K,2,FALSE),0)+IFERROR(VLOOKUP("TACU TACU C/ LENGUADO EN SALSA DE LANGOSTINOS",J:K,2,FALSE),0)+IFERROR(VLOOKUP("TACU TACU C/LENGUADO EN SALSA DE MARISCOS",J:K,2,FALSE),0)+IFERROR(VLOOKUP("TIRADITO DE LENGUADO A LAS DOS CREMAS",J:K,2,FALSE),0)+IFERROR(VLOOKUP("TIRADITO DE LENGUADO O SIMILAR",J:K,2,FALSE),0)+IFERROR(VLOOKUP("CHICHARRON DE LENGUADO",J:K,2,FALSE),0)+IFERROR(VLOOKUP("JALEA DE LENGUADO O SIMILAR",J:K,2,FALSE),0)+IFERROR(VLOOKUP("LENGUADO O CORVINA FRITA C/ARROZ Y YUCA",J:K,FALSE),0)+IFERROR(VLOOKUP("LENGUADO O CORVINA FRITA EN S/MARISCOS",J:K,2,FALSE),0)+IFERROR(VLOOKUP("LENGUADO O SIMILAR AL AJO C/ARROZ",J:K,2,FALSE),0)+IFERROR(VLOOKUP("LENGUADO A LA MEUNIERE",J:K,2,FALSE),0)+IFERROR(VLOOKUP("TACU TACU C/ LENGUADO A LO MACHO",J:K,2,FALSE),0)+IFERROR(VLOOKUP("CHICHARRON MIXTO DE MARISCOS",J:K,2,FALSE),0)+IFERROR(VLOOKUP("FUENTE DE CEVICHE DE CORVINA O LENGUADO",J:K,2,FALSE)*2,0)+IFERROR(VLOOKUP("CAUSA DE LA CASA ",J:K,2,FALSE),0)+IFERROR(VLOOKUP("TACU TACU C/ LENGUDO EN SALSA DE LANGOSTINOS",J:K,2,FALSE),0) -> 6 | H32: =D32-E32-F32-G32 -> 8 | J32: ARROZ C/PATO DESHUESADO | K32: 1
A33: CORVINA | B33: ='01.10.25'!H33 -> 7 | D33: =B33+C33 -> 7 | E33: =IFERROR(VLOOKUP("CORVINA SUDADA",J:K,2,FALSE),0)+IFERROR(VLOOKUP("CHUPE DE CORVINA",J:K,2,FALSE),0) -> 1 | H33: =D33-E33-F33-G33 -> 6 | J33: CECINAS DE LOMO C/YUCA | K33: 1
A34: PULPO | B34: ='01.10.25'!H34 -> 24 | D34: =B34+C34 -> 24 | E34: =IFERROR(VLOOKUP("PULPO ANTICUCHERO 250G",J:K,2,FALSE),0)+IFERROR(VLOOKUP("PULPO AL OLIVO 200G",J:K,2,FALSE),0)+IFERROR(VLOOKUP("CEVICHE DE PULPO",J:K,2,FALSE),0)+IFERROR(VLOOKUP("CAUSA DE PULPO AL OLIVO",J:K,2,FALSE),0)+IFERROR(VLOOKUP("CEVICHE DE PULPO",J:K,2,FALSE)*2,0)+IFERROR(VLOOKUP("TRES CAUSAS UNA PARRILLA",J:K,2,FALSE)/2,0) -> 0 | H34: =D34-E34-F34-G34 -> 24 | J34: PORCION DE ARROZ | K34: 1
A35: CAMARON | B35: ='01.10.25'!H35 -> 0 | D35: =B35+C35 -> 0 | E35: =IFERROR(VLOOKUP("CHUPE DE CAMARORES",J:K,2,FALSE),0)+IFERROR(VLOOKUP("CAMARONES AL AJO",J:K,2,FALSE),0)+IFERROR(VLOOKUP("CEVICHE DE CAMARONES",J:K,2,FALSE),0)+IFERROR(VLOOKUP("ARROZ CON CAMARONES",J:K,2,FALSE),0)+IFERROR(VLOOKUP("CAUSA DE CAMARONES",J:K,2,FALSE),0) -> 0 | H35: =D35-E35-F35-G35 -> 0 | J35: LENGUADO A LO MACHO CON YUCA | K35: 1
A36: MIXTURA | B36: ='01.10.25'!H36 -> 25 | D36: =B36+C36 -> 25 | E36: =IFERROR(VLOOKUP("PIQUEO FRUTOS DEL MAR",J:K,2,FALSE)*2,0)+IFERROR(VLOOKUP("CEVICHE MIXTO DE MARISCOS",J:K,2,FALSE),0)+IFERROR(VLOOKUP("ARROZ C/MARISCOS",J:K,2,FALSE),0)+IFERROR(VLOOKUP("TORTILLA DE MARISCOS C/ ARROZ",J:K,2,FALSE),0)+IFERROR(VLOOKUP("CHAUFA DE MARISCOS",J:K,2,FALSE),0)+IFERROR(VLOOKUP("PARIHUELA DE MARISCOS",J:K,2,FALSE),0)+IFERROR(VLOOKUP("PICANTE DE MARISCOS",J:K,2,FALSE),0)+IFERROR(VLOOKUP("TACU TACU EN SALSA DE MARISCOS",J:K,2,FALSE),0)+IFERROR(VLOOKUP("TRÍO DE CAUSAS",J:K,2,FALSE),0)+IFERROR(VLOOKUP("CHICHARRON MIXTO DE MARISCOS",J:K,2,FALSE),0)+IFERROR(VLOOKUP("LENGUADO O CORVINA FRITA EN S/MARISCOS",J:K,2,FALSE),0)+IFERROR(VLOOKUP("TACU TACU C/LENGUADO EN SALSA DE MARISCOS",J:K,2,FALSE),0)+IFERROR(VLOOKUP("RISOTTO FRUTOS DEL MAR",J:K,2,FALSE),0)+IFERROR(VLOOKUP("TRES CAUSAS UNA PARRILLA",J:K,2,FALSE)/2,0) -> 3 | H36: =D36-$E$36-F36-G36 -> 22 | J36: CEVICHE DE LENGUADO | K36: 1
A37: TOLLO | B37: ='01.10.25'!H37 -> 0.5 | C37: 5 | D37: =B37+C37 -> 5.5 | E37: =IFERROR(VLOOKUP("PIQUEO FRUTOS DEL MAR",J:K,2,FALSE)*2,0)+IFERROR(VLOOKUP("CHICHARRON PESCA DEL DIA",J:K,2,FALSE),0)+IFERROR(VLOOKUP("CEVICHE PESCA DEL DIA",J:K,2,FALSE),0)+IFERROR(VLOOKUP("LECHE DE TIGRE",J:K,2,FALSE),0)+IFERROR(VLOOKUP("1/2 LECHE DE TIGRE",J:K,2,FALSE)/2,0)+IFERROR(VLOOKUP("TRILOGIA DE LECHES DE TIGRE ",J:K,2,FALSE),0)+IFERROR(VLOOKUP("CAUSA EN SALSA ACEVICHADA ",J:K,2,FALSE),0)+IFERROR(VLOOKUP("CAUSA DE LA CASA",J:K,2,FALSE),0) -> 0 | H37: =D37-$E$36-F37-G37 -> 2.5 | J37: CHICHARRON DE LANGOSTINOS | K37: 1
A38: LANGOSTINO | B38: ='01.10.25'!H38 -> 13 | D38: =B38+C38 -> 13 | E38: =IFERROR(VLOOKUP("LANGOSTINO THAI",J:K,2,FALSE),0)+IFERROR(VLOOKUP("LANGOSTINOS CROCANTES CON PALTA BRACEADA",J:K,2,FALSE),0)+IFERROR(VLOOKUP("ARROZ C/LANGOSTINOS",J:K,2,FALSE),0)+IFERROR(VLOOKUP("SALTADO MAR Y TIERRA",J:K,2,FALSE)/2,0)+IFERROR(VLOOKUP("CAUSA DE LANGOSTINOS",J:K,2,FALSE),0)+IFERROR(VLOOKUP("TACU TACU C/ LENGUADO EN SALSA DE LANGOSTINOS",J:K,2,FALSE),0)+IFERROR(VLOOKUP("TACU TACU C/LOMO FINO EN SALSA DE LANGOSTINOS",J:K,2,FALSE),0) -> 0 | H38: =D38-$E$36-F38-G38 -> 10 | J38: FETUCCINI A LA H.C/ LOMO SALTADO | K38: 1
D39: =B39+C39 -> 0 | H39: =D39-E39-F39-G39 -> 0 | J39: CHICHARRON DE LANGOSTINOS | K39: 1
B40: ='01.10.25'!H40 | J40: FETUCCINI A LA H.C/ LOMO SALTADO | K40: 1
B41: ='01.10.25'!H41 | J41: LENGUADO A LA PLANCHA CON ARROZ | K41: 3
B42: ='01.10.25'!H42 | J42: LOMO A LAS 3 PIMIENTAS | K42: 1
B43: ='01.10.25'!H43 | J43: PAPA A LA HUANCAINA | K43: 1
B44: ='28.09.25'!H44 | J44: PAPA RELLENA | K44: 1
B45: ='28.09.25'!H45

Sheet 03.10.25
A1: KARDEX COCINA - FECHA 03.10.25
A2: ENTRADAS | B2: SALDO INICIAL | C2: INGRESOS | D2: TOTAL | E2: VENTA | F2: MENU | G2: MERMA/ VARIOS | H2: SALDO FINAL | I2: OBSERVACION
A3: TAMALES | B3: ='02.10.25'!H3 -> 0 | D3: =B3+C3 -> 0 | E3: =IFERROR(VLOOKUP("TAMAL DE LA CASA CON ZARZA CRIOLLAL",J:K,2,FALSE),"0") -> 0 | H3: =D3-E3-F3-G3 -> 0 | J3: 1/2 CHAUFA DE POLLO | K3: 1
A4: HUMITAS | B4: ='02.10.25'!H4 -> 8 | C4: 2 | D4: =B4+C4 -> 10 | E4: =IFERROR(VLOOKUP("HUMITA DOÑA FRESIA C/AJI DE GALLINA",J:K,2,FALSE),"0") -> 8 | H4: =D4-E4-F4-G4 -> 2 | J4: 1/2 LECHE DE TIGRE | K4: 1
A5: PAPA RELLENA | B5: ='02.10.25'!H5 -> 3 | D5: =B5+C5 -> 3 | E5: =IFERROR(VLOOKUP(A$5,J:K,2,FALSE),0)+IFERROR(VLOOKUP("PIQUEO PERUANISIMO",J:K,2,FALSE),0) -> 0 | H5: =D5-E5-F5-G5 -> 3 | J5: ALBONDIGA CON ARROZ | K5: 1
A6: SANGRECITA | B6: ='02.10.25'!H6 -> 7 | C6: 2 | D6: =B6+C6 -> 9 | E6: =IFERROR(VLOOKUP("SANGRECITA C/YUCA",J:K,2,FALSE),"0") -> 1 | H6: =D6-E6-F6-G6 -> 8 | J6: ARROZ C/PATO | K6: 3
A7: AJI DE GALLINA | B7: ='02.10.25'!H7 -> 6 | C7: 5 | D7: =B7+C7 -> 11 | E7: =IFERROR(VLOOKUP("HUMITA DOÑA FRESIA C/AJI DE GALLINA", J:K,2, FALSE)/2, 0) + IFERROR(VLOOKUP("AJI DE GALLINA",J:K,2, FALSE), 0) -> 4 | H7: =D7-E7-F7-G7 -> 7 | J7: ASADO DE RES CON ARROZ Y PURE | K7: 1
A8: MOLLEJITA | B8: ='02.10.25'!H8 -> 3 | D8: =B8+C8 -> 3 | E8: =IFERROR(VLOOKUP("MOLLEJITAS GUISADAS",J:K,2,FALSE),"0")+IFERROR(VLOOKUP("PIQUEO DOÑA FRESIA",J:K,2,FALSE),0) -> 1 | H8: =D8-E8-F8-G8 -> 2 | J8: BISTEC DE LOMO FINO A LO POBRE | K8: 1
A9: PATITA | B9: ='02.10.25'!H9 -> 5 | C9: 7 | D9: =B9+C9 -> 12 | E9: =IFERROR(VLOOKUP("1/2 PATITA EN FIAMBRE",J:K,2, FALSE)/2, 0) + IFERROR(VLOOKUP("PATITA EN FIAMBRE",J:K, 2, FALSE), 0) -> 1.5 | H9: =D9-E9-F9-G9 -> 10.5 | J9: CABRITO C/ARROZ FRIJOL Y YUCA | K9: 3
A10: CECINA | B10: ='02.10.25'!H10 -> 3.5 | D10: =B10+C10 -> 3.5 | E10: =IFERROR(VLOOKUP("CECINAS DE LOMO C/YUCA",J:K,2,FALSE),"0")+IFERROR(VLOOKUP("PIQUEO DOÑA FRESIA",J:K,2,FALSE)/2,0) -> 0 | H10: =D10-E10-F10-G10 -> 3.5 | J10: CABRITO DESHUESADO | K10: 7
A11: ADOBO | B11: ='02.10.25'!H11 -> 8 | D11: =B11+C11 -> 8 | E11: =IFERROR(VLOOKUP("CARNE DE CERDO ADOBADA",J:K,2,FALSE),0) -> 0 | H11: =D11-E11-F11-G11 -> 8 | J11: CAUSA DE LANGOSTINOS | K11: 1
A12: SANCOCHADO | B12: ='02.10.25'!H12 -> 0 | D12: =B12+C12 -> 0 | E12: =IFERROR(VLOOKUP("SANCOCHADO 450g.",J:K,2,FALSE),0) -> 0 | H12: =D12-E12-F12-G12 -> 0 | J12: CEVICHE DE LENGUADO | K12: 1
A13: SHAMBAR | B13: ='02.10.25'!H13 -> 5 | D13: =B13+C13 -> 5 | E13: =IFERROR(VLOOKUP(A13,J:K,2,FALSE),0) -> 0 | H13: =D13-E13-F13-G13 -> 5 | J13: CHICHARRON DE CERDO C/YUCA, CAMOTE FRITO Y ZARZA | K13: 1
A14: CALDO DE GALLINA | B14: ='02.10.25'!H14 -> 0 | D14: =B14+C14 -> 0 | E14: =IFERROR(VLOOKUP(A14,J:K,2,FALSE),0) -> 0 | H14: =D14-E14-F14-G14 -> 0 | J14: CHICHARRON DE LENGUADO | K14: 1
A15: GUISOS | J15: CHICHARRON PESCA DEL DÌA | K15: 1
A16: ASADO | B16: ='02.10.25'!H16 -> 24 | D16: =B16+C16 -> 24 | E16: =IFERROR(VLOOKUP("ASADO DE RES CON ARROZ Y PURE",J:K,2,FALSE),0)+IFERROR(VLOOKUP("FETUCCINI AL P.C/ ASADO DE RES",J:K,2,FALSE),"0")+IFERROR(VLOOKUP("FETUCCINI A LO ALFR.C/ ASADO DE RES",J:K,2,FALSE),"0")+IFERROR(VLOOKUP("FETUCCINI A LA H.C/ ASADO DE RES",J:K,2,FALSE),"0")+IFERROR(VLOOKUP("SANDWICH DE ASADO DE RES",J:K,2,FALSE),0)+IFERROR(VLOOKUP("RISOTTO A LA H. C/ASADO",J:K,2,FALSE),0)+IFERROR(VLOOKUP("RISOTTO AL PESTO C/ASADO",J:K,2,FALSE),0)+IFERROR(VLOOKUP("TACU TACU C/ ASADO DE RES",J:K,2,FALSE),0) -> 1 | G16: 5 | H16: =D16-E16-F16-G16 -> 18 | I16: SE ENVIO A SAN ANDRES | J16: CUBIERTO ALMUERZO 40.50 | K16: 61
A17: CUY | B17: ='02.10.25'!H17 -> 4 | C17: 4 | D17: =B17+C17 -> 8 | E17: =IFERROR(VLOOKUP("AJIACO DE CUY(1/2 CUY) C/ARROZ",J:K,2,FALSE),"0") -> 2 | H17: =D17-E17-F17-G17 -> 6 | J17: CUBIERTO CENA 33.50 | K17: 1
A18: ALBONDIGA | B18: ='02.10.25'!H18 -> 3 | C18: 3 | D18: =B18+C18 -> 6 | E18: =IFERROR(VLOOKUP("ALBONDIGA CON ARROZ",J:K,2,FALSE),"0") -> 1 | H18: =D18-E18-F18-G18 -> 5 | J18: DERECHO DE RESERVA | K18: 1
A19: ARROZ C. PATO | B19: ='02.10.25'!H19 -> 0 | C19: 10 | D19: =B19+C19 -> 10 | E19: =IFERROR(VLOOKUP("ARROZ C/PATO DESHUESADO", J:K, 2, FALSE)*2, 0)+IFERROR(VLOOKUP("ARROZ C/PATO",J:K,2,FALSE),"0") -> 3 | G19: 7 | H19: =D19-E19-F19-G19 -> 0 | I19: PASA PARA PATO ESTOFADO 4 ;3 SE ENVIO PARA SAN ANDRES | J19: FETUCCINI A LA H.C/ FILETE DE POLLO | K19: 1
A20: CABRITO NORMAL | B20: ='02.10.25'!H20 -> 21 | C20: 35 | D20: =B20+C20 -> 56 | E20: =IFERROR(VLOOKUP("CABRITO C/ TACU TACU",J:K,2,FALSE),"0")+IFERROR(VLOOKUP("CABRITO C/ARROZ FRIJOL Y YUCA",J:K,2,FALSE),"0")+IFERROR(VLOOKUP("PRESA DE CABRITO",J:K,2,FALSE),"0")+IFERROR(VLOOKUP("CABRITO DESHUESADO",J:K,2,FALSE)*2,"0")+IFERROR(VLOOKUP("TACU TACU C/ CABRITO DESHUESADO",J:K,2,FALSE)*2,"0")+IFERROR(VLOOKUP("PIQUEO DOÑA FRESIA",J:K,2,FALSE)*2,"0") -> 23 | H20: =D20-E20-F20-G20 -> 33 | J20: FETUCCINI A LA H.C/ LOMO SALTADO | K20: 1
A21: CABRITO DESHUESADO | B21: ='02.10.25'!H21 | D21: =B21+C21 -> 0 | J21: FETUCCINI A LA H.C/ASADO DE RES | K21: 1
A22: PATO ESTOFADO | B22: ='02.10.25'!H22 -> 24 | C22: 24 | D22: =B22+C22 -> 48 | E22: =IFERROR(VLOOKUP("PATO ESTOFADO C/ARROZ Y FRIJOL",J:K,2,FALSE),0)+IFERROR(VLOOKUP("PATO ESTOFADO DESHUESADO",J:K,2,FALSE)*2,0)+IFERROR(VLOOKUP("TACU TACU C/ PATO ESTOF. DESHUESADO",J:K,2,FALSE)*2,0)+IFERROR(VLOOKUP("PIQUEO DOÑA FRESIA",J:K,2,FALSE)*2,0)+IFERROR(VLOOKUP("PATO ESTOFADO CON TACU TACU",J:K,2,FALSE),0) -> 5 | H22: =D22-E22-F22-G22 -> 43 | J22: FETUCCINI A LO ALFR.C/ LOMO SALTADO | K22: 1
A23: PEPIAN | B23: ='02.10.25'!H23 -> 0 | C23: 2 | D23: =B23+C23 -> 2 | E23: =IFERROR(VLOOKUP("PEPIAN DE PAVO",J:K,2,FALSE),"0")+IFERROR(VLOOKUP("PRESA DE PAVA",J:K,2,FALSE),0)+IFERROR(VLOOKUP("SANDWICH DE PAVO",J:K,2,FALSE),0) -> 2 | H23: =D23-E23-F23-G23 -> 0 | J23: FETUCCINI A LO ALFR.C/ MILANESA | K23: 1
A24: CORVINA GUISADA | B24: ='02.10.25'!H24 -> 4 | D24: =B24+C24 -> 4 | E24: =IFERROR(VLOOKUP("CORVINA GUISADA C/E CHOCLO",J:K,2,FALSE),"0") -> 1 | H24: =D24-E24-F24-G24 -> 3 | J24: FILETE DE POLLO A LA PLANCHA | K24: 1
A25: FRITURAS | J25: HUMITA DOÑA FRESIA C/AJI DE GALLINA | K25: 8
A26: LOMO SALTADO | B26: ='02.10.25'!H26 -> 12.5 | D26: =B26+C26 -> 12.5 | E26: =IFERROR(VLOOKUP("LOMO SALTADO C/ARROZ",J:K,2,FALSE),0)+IFERROR(VLOOKUP("TACU TACU C/ LOMO SALTADO",J:K,2,FALSE),0)+IFERROR(VLOOKUP("LOMO SALTADO A LO POBRE",J:K,2,FALSE),0)++IFERROR(VLOOKUP("FETUCCINI AL P.C/ LOMO SALTADO",J:K,2,FALSE),"0")+IFERROR(VLOOKUP("FETUCCINI A LO ALFR.C/ LOMO SALTADO",J:K,2,FALSE),"0")+IFERROR(VLOOKUP("FETUCCINI A LA H.C/ LOMO SALTADO",J:K,2,FALSE),"0")+IFERROR(VLOOKUP("RISOTTO A LA H. C/ LOMO SALTADO",J:K,2,FALSE),0)+IFERROR(VLOOKUP("RISOTTO PESTO C/LOMO SALTADO",J:K,2,FALSE),0)+IFERROR(VLOOKUP("CAUSA DE LOMO FINO SALTADO",J:K,2,FALSE)/2,0)+IFERROR(VLOOKUP("LOMO SALTADO A NUESTRO ESTILO",J:K,2,FALSE),0)+IFERROR(VLOOKUP("SANDWICH DE LOMO FINO SALTADO",J:K,2,FALSE)/2,0)+IFERROR(VLOOKUP("LOMO SALTADO C/ ARROZ Y FRIJOL",J:K,2,FALSE),0)+IFERROR(VLOOKUP("SALTADO MAR Y TIERRA ",$J:$K,2,FALSE)/2,0)+IFERROR(VLOOKUP("LOMO EN NUESTRO ESTILO",$J:$K,2,FALSE),0) -> 6 | H26: =D26-E26-F26-G26 -> 6.5 | J26: LENGUADO A LA PLANCHA CON ARROZ | K26: 2
A27: FILETE DE POLLO CARTA | B27: ='02.10.25'!H27 -> 7 | C27: 2 | D27: =B27+C27 -> 9 | E27: =IFERROR(VLOOKUP("FILETE DE POLLO A LA PLANCHA",J:K,2,FALSE),"0")+IFERROR(VLOOKUP("FETUCCINI A LO ALFR.C/ FILETE DE POLLO",J:K,2,FALSE),"0")+IFERROR(VLOOKUP("FETUCCINI A LA H.C/ FILETE DE POLLO",J:K,2,FALSE),"0")+IFERROR(VLOOKUP("FETUCCINI AL P.C/ FILETE DE POLLO",J:K,2,FALSE),"0")+IFERROR(VLOOKUP("PIQUEO PERUANISIMO",J:K,2,FALSE)*2,0)+IFERROR(VLOOKUP("DIETA DE POLLO",J:K,2,FALSE),0)+IFERROR(VLOOKUP("RISOTTO PESTO C/FILETE DE POLLO",J:K,2,FALSE),0)+IFERROR(VLOOKUP("POLLO SALTADO C/ ARROZ Y PAPAS FRITAS",J:K,2,FALSE),0)+IFERROR(VLOOKUP("PRESA DE FILETE DE POLLO",J:K,2,FALSE),0)+IFERROR(VLOOKUP("SALTADO MAR Y TIERRA ",J:K,2,FALSE)/2,0)+IFERROR(VLOOKUP("CAUSA DE POLLO ",J:K,2,FALSE),0)+IFERROR(VLOOKUP("SANDWICH DE POLLO ",J:K,2,FALSE),0) -> 2 | H27: =D27-E27-F27-G27 -> 7 | J27: LOMO A LAS 3 PIMIENTAS | K27: 1
A28: MILANESA CARTA | B28: ='02.10.25'!H28 -> 10 | D28: =B28+C28 -> 10 | E28: =IFERROR(VLOOKUP("MILANESA DE POLLO",J:K,2,FALSE),"0")+IFERROR(VLOOKUP("FETUCCINI AL P.C/ MILANESA",J:K,2,FALSE),"0")+IFERROR(VLOOKUP("FETUCCINI A LO ALFR.C/ MILANESA",J:K,2,FALSE),"0")+IFERROR(VLOOKUP("FETUCCINI A LA H.C/ MILANESA",J:K,2,FALSE),"0")+IFERROR(VLOOKUP("MILANESA DE POLLO A LO POBRE",J:K,2,FALSE),"0")+IFERROR(VLOOKUP("RISOTTO PESTO C/MILANESA",J:K,2,FALSE),0)+IFERROR(VLOOKUP("TACU TACU C/ MILANESA",J:K,2,FALSE),0)+IFERROR(VLOOKUP("RISOTTO A LA H. C/MILANESA DE POLLO",J:K,2,FALSE),0) -> 4 | G28: 2 | H28: =D28-E28-F28-G28 -> 4 | I28: PASO PARA FILETE | J28: LOMO FINO SALTADO AL JUGO | K28: 1
A29: BISTEC CARTA | B29: ='02.10.25'!H29 -> 3 | C29: 7 | D29: =B29+C29 -> 10 | E29: =IFERROR(VLOOKUP("TACU TACU C/ BISTEC A LO POBRE",J:K,2,FALSE),0)+IFERROR(VLOOKUP("BISTEC DE LOMO FINO A LO POBRE",J:K,2,FALSE),0)+IFERROR(VLOOKUP("FETUCCINI AL P.C/ BISTEC DE LOMO 250 G",J:K,2,FALSE),"0")+IFERROR(VLOOKUP("FETUCCINI A LO ALFR.C/ BISTEC DE LOMO 250 G",J:K,2,FALSE),"0")+IFERROR(VLOOKUP("FETUCCINI A LA H.C/ BISTEC DE LOMO 250 G",J:K,2,FALSE),"0")+IFERROR(VLOOKUP("FETUCCINI AL P.C/ BISTEC DE LOMO APANADO",J:K,2,FALSE),"0")+IFERROR(VLOOKUP("FETUCCINI A LO ALFR.C/ BISTEC DE LOMO APANADO",J:K,2,FALSE),"0")+IFERROR(VLOOKUP("FETUCCINI A LA H.C/ BISTEC DE LOMO APANADO",J:K,2,FALSE),"0")+IFERROR(VLOOKUP("RISOTTO A LA H. BISTEC DE LOMO 250 G",J:K,2,FALSE),0)+IFERROR(VLOOKUP("RISOTTO PESTO C/BISTEC DE LOMO 250 G",J:K,2,FALSE),0)+IFERROR(VLOOKUP("BISTEC DE LOMO FINO A LA PLANCHA",J:K,2,FALSE),0)+IFERROR(VLOOKUP("LOMO A LAS 3 PIMIENTAS",J:K,2,FALSE),0)+IFERROR(VLOOKUP("LOMO FINO EN SALSA D CHAMPIÑONES",J:K,2,FALSE),0)+IFERROR(VLOOKUP("BISTEC DE LOMO FINO APANADO",J:K,2,FALSE),0)+IFERROR(VLOOKUP("TACU TACU C/LOMO FINO EN SALSA DE LANGOSTINOS",J:K,2,FALSE),0) -> 2 | H29: =D29-E29-F29-G29 -> 8 | J29: LOMO SALTADO C/ARROZ | K29: 3
A30: CHICHARRON DE POLLO | B30: ='02.10.25'!H30 -> 0 | D30: =B30+C30 -> 0 | E30: =IFERROR(VLOOKUP("CHICHARRON DE POLLO C/ PAPAS FRITAS",J:K,2,FALSE),0)+IFERROR(VLOOKUP("1/2 PORC. CHICHARRON DE POLLO",J:K,2,FALSE),0) -> 0 | H30: =D30-E30-F30-G30 -> 0 | J30: MILANESA DE POLLO | K30: 3
A31: PESCADOS Y MARISCOS | D31: =B31+C31 -> 0 | H31: =D31-E31-F31-G31 -> 0 | J31: MOLLEJITAS GUISADAS | K31: 1
A32: LENGUADO | B32: ='02.10.25'!H32 -> 8 | C32: 10 | D32: =B32+C32 -> 18 | E32: =IFERROR(VLOOKUP("CEVICHE MIXTO DE MARISCOS",J:K,2,FALSE),0)+IFERROR(VLOOKUP("CEVICHE DE LENGUADO",J:K,2,FALSE),0)+IFERROR(VLOOKUP("LENGUADO A LA PLANCHA CON ARROZ",J:K,2,FALSE),0)+IFERROR(VLOOKUP("LENGUADO A LO MACHO CON YUCA",J:K,2,FALSE),0)+IFERROR(VLOOKUP("LENGUADO APANADA C/ARROZ Y FRIJOL",J:K,2,FALSE),0)+IFERROR(VLOOKUP("LENGUADO ESCABECHADO C/ARROZ Y CAMOTE",J:K,2,FALSE),0)+IFERROR(VLOOKUP("TACU TACU C/ LENGUADO EN SALSA DE LANGOSTINOS",J:K,2,FALSE),0)+IFERROR(VLOOKUP("TACU TACU C/LENGUADO EN SALSA DE MARISCOS",J:K,2,FALSE),0)+IFERROR(VLOOKUP("TIRADITO DE LENGUADO A LAS DOS CREMAS",J:K,2,FALSE),0)+IFERROR(VLOOKUP("TIRADITO DE LENGUADO O SIMILAR",J:K,2,FALSE),0)+IFERROR(VLOOKUP("CHICHARRON DE LENGUADO",J:K,2,FALSE),0)+IFERROR(VLOOKUP("JALEA DE LENGUADO O SIMILAR",J:K,2,FALSE),0)+IFERROR(VLOOKUP("LENGUADO O CORVINA FRITA C/ARROZ Y YUCA",J:K,FALSE),0)+IFERROR(VLOOKUP("LENGUADO O CORVINA FRITA EN S/MARISCOS",J:K,2,FALSE),0)+IFERROR(VLOOKUP("LENGUADO O SIMILAR AL AJO C/ARROZ",J:K,2,FALSE),0)+IFERROR(VLOOKUP("LENGUADO A LA MEUNIERE",J:K,2,FALSE),0)+IFERROR(VLOOKUP("TACU TACU C/ LENGUADO A LO MACHO",J:K,2,FALSE),0)+IFERROR(VLOOKUP("CHICHARRON MIXTO DE MARISCOS",J:K,2,FALSE),0)+IFERROR(VLOOKUP("FUENTE DE CEVICHE DE CORVINA O LENGUADO",J:K,2,FALSE)*2,0)+IFERROR(VLOOKUP("CAUSA DE LA CASA ",J:K,2,FALSE),0)+IFERROR(VLOOKUP("TACU TACU C/ LENGUDO EN SALSA DE LANGOSTINOS",J:K,2,FALSE),0) -> 4 | H32: =D32-E32-F32-G32 -> 14 | J32: AJIACO DE CUY(1/2 CUY) C/ARROZ | K32: 2
A33: CORVINA | B33: ='02.10.25'!H33 -> 6 | D33: =B33+C33 -> 6 | E33: =IFERROR(VLOOKUP("CORVINA SUDADA",J:K,2,FALSE),0)+IFERROR(VLOOKUP("CHUPE DE CORVINA",J:K,2,FALSE),0) -> 0 | H33: =D33-E33-F33-G33 -> 6 | J33: CORVINA GUISADA C/E CHOCLO | K33: 1
A34: PULPO | B34: ='02.10.25'!H34 -> 24 | D34: =B34+C34 -> 24 | E34: =IFERROR(VLOOKUP("PULPO ANTICUCHERO 250G",J:K,2,FALSE),0)+IFERROR(VLOOKUP("PULPO AL OLIVO 200G",J:K,2,FALSE),0)+IFERROR(VLOOKUP("CEVICHE DE PULPO",J:K,2,FALSE),0)+IFERROR(VLOOKUP("CAUSA DE PULPO AL OLIVO",J:K,2,FALSE),0)+IFERROR(VLOOKUP("CEVICHE DE PULPO",J:K,2,FALSE)*2,0)+IFERROR(VLOOKUP("TRES CAUSAS UNA PARRILLA",J:K,2,FALSE)/2,0) -> 1 | H34: =D34-E34-F34-G34 -> 23 | J34: PATITA EN FIAMBRE | K34: 1
